file_name,width_primal,width_incidence,sat-unsat
7cnf20_90000_90000_7.shuffled,20,20,SATISFIABLE
aes_32_1_keyfind_1,24,24,SATISFIABLE
aim-100-1_6-yes1-1,35,35,SATISFIABLE
aim-100-1_6-yes1-2,34,34,SATISFIABLE
aim-100-1_6-yes1-3,36,36,SATISFIABLE
aim-100-1_6-yes1-4,34,34,SATISFIABLE
aim-50-1_6-yes1-1,19,19,SATISFIABLE
aim-50-1_6-yes1-2,16,17,SATISFIABLE
aim-50-1_6-yes1-3,19,19,SATISFIABLE
aim-50-1_6-yes1-4,20,20,SATISFIABLE
aim-50-2_0-yes1-1,25,25,SATISFIABLE
aim-50-2_0-yes1-2,24,24,SATISFIABLE
aim-50-2_0-yes1-3,24,24,SATISFIABLE
aim-50-2_0-yes1-4,19,19,SATISFIABLE
aim-50-3_4-yes1-1,31,31,SATISFIABLE
aim-50-3_4-yes1-2,32,32,SATISFIABLE
aim-50-3_4-yes1-3,32,32,SATISFIABLE
aim-50-3_4-yes1-4,31,31,SATISFIABLE
aim-50-6_0-yes1-1,37,37,SATISFIABLE
aim-50-6_0-yes1-2,38,38,SATISFIABLE
aim-50-6_0-yes1-3,38,38,SATISFIABLE
aim-50-6_0-yes1-4,37,37,SATISFIABLE
anomaly,17,17,SATISFIABLE
bart17.shuffled,109,38,SATISFIABLE
crn_11_100_s,15,15,SATISFIABLE
driverlog1_ks99i.renamed-as.sat05-3951,17,16,SATISFIABLE
driverlog3_v01a.renamed-as.sat05-3963,38,38,SATISFIABLE
AProVE09-13,82,39,SATISFIABLE
flat30-1,26,27,SATISFIABLE
flat30-10,22,22,SATISFIABLE
flat30-100,30,30,SATISFIABLE
flat30-11,20,20,SATISFIABLE
flat30-12,25,25,SATISFIABLE
flat30-13,27,27,SATISFIABLE
flat30-14,23,23,SATISFIABLE
flat30-15,25,25,SATISFIABLE
flat30-16,23,22,SATISFIABLE
flat30-18,26,26,SATISFIABLE
flat30-17,28,30,SATISFIABLE
flat30-19,27,26,SATISFIABLE
flat30-2,25,25,SATISFIABLE
flat30-20,27,28,SATISFIABLE
flat30-21,26,26,SATISFIABLE
flat30-23,28,28,SATISFIABLE
flat30-22,27,27,SATISFIABLE
flat30-24,23,23,SATISFIABLE
flat30-26,22,22,SATISFIABLE
flat30-25,26,26,SATISFIABLE
flat30-27,28,26,SATISFIABLE
flat30-28,22,23,SATISFIABLE
flat30-29,28,28,SATISFIABLE
flat30-3,28,28,SATISFIABLE
flat30-30,25,25,SATISFIABLE
flat30-31,25,25,SATISFIABLE
flat30-32,25,26,SATISFIABLE
flat30-33,26,25,SATISFIABLE
flat30-34,23,22,SATISFIABLE
flat30-35,27,26,SATISFIABLE
flat30-36,26,26,SATISFIABLE
flat30-38,28,27,SATISFIABLE
flat30-37,27,28,SATISFIABLE
flat30-4,24,25,SATISFIABLE
flat30-39,27,27,SATISFIABLE
flat30-40,28,28,SATISFIABLE
flat30-42,23,24,SATISFIABLE
flat30-41,27,26,SATISFIABLE
flat30-43,28,28,SATISFIABLE
flat30-44,28,28,SATISFIABLE
flat30-45,28,28,SATISFIABLE
flat30-49,24,24,SATISFIABLE
flat30-46,27,26,SATISFIABLE
flat30-47,23,23,SATISFIABLE
flat30-48,27,26,SATISFIABLE
flat30-5,21,21,SATISFIABLE
flat30-50,26,26,SATISFIABLE
flat30-51,25,24,SATISFIABLE
flat30-53,24,24,SATISFIABLE
flat30-52,26,28,SATISFIABLE
flat30-54,23,24,SATISFIABLE
flat30-56,24,24,SATISFIABLE
flat30-55,27,27,SATISFIABLE
flat30-57,27,26,SATISFIABLE
flat30-58,24,24,SATISFIABLE
flat30-59,26,26,SATISFIABLE
flat30-60,25,25,SATISFIABLE
flat30-61,26,26,SATISFIABLE
flat30-6,26,27,SATISFIABLE
flat30-62,26,26,SATISFIABLE
flat30-63,27,26,SATISFIABLE
flat30-65,27,27,SATISFIABLE
flat30-64,28,27,SATISFIABLE
flat30-66,29,29,SATISFIABLE
flat30-67,28,28,SATISFIABLE
flat30-68,28,28,SATISFIABLE
flat30-7,25,25,SATISFIABLE
flat30-69,24,25,SATISFIABLE
flat30-71,29,29,SATISFIABLE
flat30-70,26,24,SATISFIABLE
flat30-72,20,20,SATISFIABLE
flat30-75,26,27,SATISFIABLE
flat30-73,22,22,SATISFIABLE
flat30-74,24,25,SATISFIABLE
flat30-76,25,25,SATISFIABLE
flat30-78,24,24,SATISFIABLE
flat30-77,25,25,SATISFIABLE
flat30-79,27,27,SATISFIABLE
flat30-8,28,28,SATISFIABLE
flat30-80,26,26,SATISFIABLE
flat30-82,27,28,SATISFIABLE
flat30-81,29,29,SATISFIABLE
flat30-83,26,26,SATISFIABLE
flat30-85,23,23,SATISFIABLE
flat30-84,27,25,SATISFIABLE
flat30-86,27,27,SATISFIABLE
flat30-87,26,25,SATISFIABLE
flat30-88,24,24,SATISFIABLE
flat30-9,24,24,SATISFIABLE
flat30-89,29,27,SATISFIABLE
flat30-90,22,22,SATISFIABLE
flat30-91,26,25,SATISFIABLE
flat30-92,27,26,SATISFIABLE
flat30-93,24,24,SATISFIABLE
flat30-94,28,28,SATISFIABLE
flat30-95,27,28,SATISFIABLE
flat30-96,24,24,SATISFIABLE
flat30-97,26,25,SATISFIABLE
flat30-99,29,29,SATISFIABLE
flat30-98,28,28,SATISFIABLE
flat50-102,40,39,SATISFIABLE
flat50-118,40,42,SATISFIABLE
flat50-123,39,39,SATISFIABLE
flat50-13,39,39,SATISFIABLE
flat50-162,38,38,SATISFIABLE
flat50-204,39,40,SATISFIABLE
flat50-232,37,37,SATISFIABLE
flat50-238,39,40,SATISFIABLE
flat50-301,40,40,SATISFIABLE
flat50-326,37,37,SATISFIABLE
flat50-343,40,40,SATISFIABLE
flat50-365,41,39,SATISFIABLE
flat50-395,40,40,SATISFIABLE
flat50-40,39,39,SATISFIABLE
flat50-408,40,41,SATISFIABLE
flat50-422,40,42,SATISFIABLE
flat50-425,39,39,SATISFIABLE
flat50-427,40,41,SATISFIABLE
flat50-46,40,43,SATISFIABLE
flat50-465,40,38,SATISFIABLE
flat50-472,40,39,SATISFIABLE
flat50-477,38,38,SATISFIABLE
flat50-478,39,39,SATISFIABLE
flat50-500,40,40,SATISFIABLE
flat50-510,39,40,SATISFIABLE
flat50-519,42,39,SATISFIABLE
flat50-52,39,40,SATISFIABLE
flat50-528,38,37,SATISFIABLE
flat50-533,40,40,SATISFIABLE
flat50-545,39,40,SATISFIABLE
flat50-550,40,41,SATISFIABLE
flat50-553,32,32,SATISFIABLE
flat50-571,41,40,SATISFIABLE
flat50-575,41,40,SATISFIABLE
flat50-579,37,39,SATISFIABLE
flat50-580,39,39,SATISFIABLE
flat50-662,40,41,SATISFIABLE
flat50-663,39,39,SATISFIABLE
flat50-666,39,40,SATISFIABLE
flat50-694,37,37,SATISFIABLE
flat50-696,39,39,SATISFIABLE
flat50-737,41,40,SATISFIABLE
flat50-74,42,40,SATISFIABLE
flat50-745,39,41,SATISFIABLE
flat50-753,40,40,SATISFIABLE
flat50-799,39,37,SATISFIABLE
flat50-8,39,39,SATISFIABLE
flat50-80,39,40,SATISFIABLE
flat50-836,40,39,SATISFIABLE
flat50-838,41,40,SATISFIABLE
flat50-875,40,40,SATISFIABLE
flat50-882,40,40,SATISFIABLE
flat50-913,40,40,SATISFIABLE
flat50-918,40,40,SATISFIABLE
flat50-943,39,39,SATISFIABLE
flat50-950,39,38,SATISFIABLE
flat50-953,39,40,SATISFIABLE
flat50-965,40,40,SATISFIABLE
flat50-97,40,39,SATISFIABLE
flat50-972,40,41,SATISFIABLE
ii8a1,16,12,SATISFIABLE
instance_n3_i3_pp,34,34,SATISFIABLE
instance_n3_i3_pp_ci_ce,36,40,SATISFIABLE
par16-1-c,21,21,SATISFIABLE
par16-2-c,21,21,SATISFIABLE
par16-3-c,21,20,SATISFIABLE
par16-1,34,36,SATISFIABLE
par16-2,35,35,SATISFIABLE
par16-4-c,21,20,SATISFIABLE
par16-5-c,21,21,SATISFIABLE
par16-3,34,35,SATISFIABLE
par16-4,38,36,SATISFIABLE
par16-5,34,35,SATISFIABLE
par8-1-c,10,10,SATISFIABLE
par8-1,23,24,SATISFIABLE
par8-2-c,10,10,SATISFIABLE
par8-2,23,23,SATISFIABLE
par8-3-c,10,10,SATISFIABLE
par8-3,23,23,SATISFIABLE
par8-4-c,10,10,SATISFIABLE
par8-4,23,23,SATISFIABLE
par8-5-c,10,10,SATISFIABLE
par8-5,22,22,SATISFIABLE
php-010-010.shuffled-as.sat05-1157,64,11,SATISFIABLE
php-012-012.shuffled-as.sat05-1158,88,13,SATISFIABLE
php-014-014.shuffled-as.sat05-1159,128,15,SATISFIABLE
php-016-016.shuffled-as.sat05-1160,160,17,SATISFIABLE
php-018-018.shuffled-as.sat05-1161,208,19,SATISFIABLE
php-020-020.shuffled-as.sat05-1162,256,21,SATISFIABLE
php-025-025.shuffled-as.sat05-1163,392,26,SATISFIABLE
php-030-030.shuffled-as.sat05-1164,576,31,SATISFIABLE
php-035-035.shuffled-as.sat05-1165,784,36,SATISFIABLE
Q3inK08,28,28,SATISFIABLE
Q3inK09,36,36,SATISFIABLE
s1423a_15_7,25,27,SATISFIABLE
s1423a_3_2,24,24,SATISFIABLE
s1423a_7_4,24,24,SATISFIABLE
s27_15_7,4,4,SATISFIABLE
s27_3_2,4,4,SATISFIABLE
s27_7_4,4,4,SATISFIABLE
s298_3_2,11,11,SATISFIABLE
s298_15_7,13,13,SATISFIABLE
s298_7_4,11,11,SATISFIABLE
s344_15_7,11,11,SATISFIABLE
s344_3_2,8,8,SATISFIABLE
s344_7_4,9,9,SATISFIABLE
s349_3_2,8,8,SATISFIABLE
s349_15_7,11,11,SATISFIABLE
s349_7_4,9,9,SATISFIABLE
s382_3_2,12,12,SATISFIABLE
s382_15_7,14,14,SATISFIABLE
s382_7_4,12,12,SATISFIABLE
s420_15_7,13,13,SATISFIABLE
s420_3_2,11,12,SATISFIABLE
s420_7_4,13,13,SATISFIABLE
s444_15_7,14,14,SATISFIABLE
s444_3_2,13,13,SATISFIABLE
s444_7_4,13,13,SATISFIABLE
s510_3_2,40,40,SATISFIABLE
s510_7_4,41,40,SATISFIABLE
s526a_3_2,18,18,SATISFIABLE
s526a_15_7,20,20,SATISFIABLE
s526a_7_4,18,18,SATISFIABLE
s526_3_2,18,18,SATISFIABLE
s526_15_7,21,21,SATISFIABLE
s526_7_4,19,19,SATISFIABLE
s641_15_7,21,19,SATISFIABLE
s641_7_4,20,20,SATISFIABLE
s641_3_2,19,19,SATISFIABLE
s713_15_7,19,20,SATISFIABLE
s713_3_2,19,19,SATISFIABLE
s713_7_4,19,20,SATISFIABLE
s820a_15_7,27,27,SATISFIABLE
s820a_3_2,26,27,SATISFIABLE
s820a_7_4,26,27,SATISFIABLE
s832a_15_7,26,27,SATISFIABLE
s832a_3_2,27,27,SATISFIABLE
s832a_7_4,27,27,SATISFIABLE
s838_15_7,14,14,SATISFIABLE
s838_3_2,12,12,SATISFIABLE
s838_7_4,13,13,SATISFIABLE
sat-grid-pbl-0010,20,20,SATISFIABLE
sat-grid-pbl-0015,30,30,SATISFIABLE
sat-grid-pbl-0020,40,42,SATISFIABLE
sat_dimacs_3_100_11135_0.85_5,4,4,SATISFIABLE
sat_dimacs_3_100_12355_0.95_4,4,4,SATISFIABLE
sat_dimacs_3_100_13603_0.85_3,4,5,SATISFIABLE
sat_dimacs_3_100_14155_0.65_8,4,5,SATISFIABLE
sat_dimacs_3_100_14675_0.85_1,4,5,SATISFIABLE
sat_dimacs_3_100_16364_0.95_10,4,4,SATISFIABLE
sat_dimacs_3_100_17165_0.85_7,4,4,SATISFIABLE
sat_dimacs_3_100_18824_0.65_1,4,5,SATISFIABLE
sat_dimacs_3_100_18993_0.85_10,4,4,SATISFIABLE
sat_dimacs_3_100_19280_0.85_4,4,4,SATISFIABLE
sat_dimacs_3_100_19463_0.65_5,4,5,SATISFIABLE
sat_dimacs_3_100_19506_0.95_3,4,4,SATISFIABLE
sat_dimacs_3_100_19625_0.85_2,4,5,SATISFIABLE
sat_dimacs_3_100_20637_0.65_7,4,5,SATISFIABLE
sat_dimacs_3_100_2200_0.65_6,4,5,SATISFIABLE
sat_dimacs_3_100_22714_0.95_7,4,4,SATISFIABLE
sat_dimacs_3_100_22793_0.95_5,4,4,SATISFIABLE
sat_dimacs_3_100_24182_0.85_8,4,5,SATISFIABLE
sat_dimacs_3_100_25375_0.65_10,4,5,SATISFIABLE
sat_dimacs_3_100_25510_0.85_9,4,5,SATISFIABLE
sat_dimacs_3_100_2770_0.95_1,4,4,SATISFIABLE
sat_dimacs_3_100_29916_0.95_9,4,4,SATISFIABLE
sat_dimacs_3_100_29959_0.85_6,4,5,SATISFIABLE
sat_dimacs_3_100_30205_0.95_8,4,4,SATISFIABLE
sat_dimacs_3_100_8436_0.95_2,4,4,SATISFIABLE
sat_dimacs_3_100_9014_0.95_6,4,4,SATISFIABLE
sat_dimacs_3_120_10511_0.85_2,4,4,SATISFIABLE
sat_dimacs_3_120_10752_0.65_6,4,5,SATISFIABLE
sat_dimacs_3_120_11289_0.95_7,4,4,SATISFIABLE
sat_dimacs_3_120_12540_0.95_4,4,4,SATISFIABLE
sat_dimacs_3_120_13465_0.65_9,4,5,SATISFIABLE
sat_dimacs_3_120_14858_0.95_3,4,4,SATISFIABLE
sat_dimacs_3_120_16168_0.65_8,4,5,SATISFIABLE
sat_dimacs_3_120_16298_0.65_4,4,5,SATISFIABLE
sat_dimacs_3_120_18546_0.85_3,4,4,SATISFIABLE
sat_dimacs_3_120_19436_0.95_2,4,4,SATISFIABLE
sat_dimacs_3_120_19544_0.65_1,4,5,SATISFIABLE
sat_dimacs_3_120_2042_0.85_8,4,5,SATISFIABLE
sat_dimacs_3_120_21076_0.85_1,4,4,SATISFIABLE
sat_dimacs_3_120_22258_0.95_10,4,4,SATISFIABLE
sat_dimacs_3_120_25241_0.85_7,4,4,SATISFIABLE
sat_dimacs_3_120_27059_0.95_8,4,4,SATISFIABLE
sat_dimacs_3_120_27156_0.85_4,4,4,SATISFIABLE
sat_dimacs_3_120_31269_0.95_1,4,4,SATISFIABLE
sat_dimacs_3_120_31967_0.65_10,4,5,SATISFIABLE
sat_dimacs_3_120_32057_0.85_9,4,5,SATISFIABLE
sat_dimacs_3_120_3448_0.85_6,4,5,SATISFIABLE
sat_dimacs_3_120_4777_0.65_3,4,5,SATISFIABLE
sat_dimacs_3_120_5267_0.85_5,4,4,SATISFIABLE
sat_dimacs_3_120_5761_0.95_5,4,4,SATISFIABLE
sat_dimacs_3_120_5941_0.65_7,4,5,SATISFIABLE
sat_dimacs_3_120_5984_0.95_9,4,4,SATISFIABLE
sat_dimacs_3_120_6190_0.95_6,4,4,SATISFIABLE
sat_dimacs_3_120_952_0.85_10,4,4,SATISFIABLE
sat_dimacs_3_140_11726_0.95_10,4,4,SATISFIABLE
sat_dimacs_3_140_128_0.85_8,4,5,SATISFIABLE
sat_dimacs_3_140_14141_0.65_10,4,5,SATISFIABLE
sat_dimacs_3_140_14207_0.85_2,4,5,SATISFIABLE
sat_dimacs_3_140_15276_0.85_1,4,5,SATISFIABLE
sat_dimacs_3_140_16169_0.65_1,4,5,SATISFIABLE
sat_dimacs_3_140_16652_0.65_9,4,5,SATISFIABLE
sat_dimacs_3_140_17675_0.95_2,4,4,SATISFIABLE
sat_dimacs_3_140_17851_0.85_10,4,5,SATISFIABLE
sat_dimacs_3_140_20816_0.95_7,4,4,SATISFIABLE
sat_dimacs_3_140_21233_0.85_5,4,4,SATISFIABLE
sat_dimacs_3_140_24012_0.95_9,4,4,SATISFIABLE
sat_dimacs_3_140_25268_0.85_4,4,4,SATISFIABLE
sat_dimacs_3_140_26068_0.95_5,4,4,SATISFIABLE
sat_dimacs_3_140_29922_0.95_3,4,4,SATISFIABLE
sat_dimacs_3_140_30328_0.85_6,4,5,SATISFIABLE
sat_dimacs_3_140_31174_0.85_7,4,5,SATISFIABLE
sat_dimacs_3_140_31186_0.65_3,4,5,SATISFIABLE
sat_dimacs_3_140_32225_0.95_4,4,4,SATISFIABLE
sat_dimacs_3_140_3866_0.85_9,4,4,SATISFIABLE
sat_dimacs_3_140_488_0.95_8,4,4,SATISFIABLE
sat_dimacs_3_140_6356_0.95_6,4,4,SATISFIABLE
sat_dimacs_3_140_67_0.65_5,4,5,SATISFIABLE
sat_dimacs_3_140_7803_0.95_1,4,4,SATISFIABLE
sat_dimacs_3_140_8219_0.65_4,4,5,SATISFIABLE
sat_dimacs_3_140_9453_0.85_3,4,5,SATISFIABLE
sat_dimacs_3_160_12419_0.85_3,4,4,SATISFIABLE
sat_dimacs_3_160_12656_0.65_2,4,5,SATISFIABLE
sat_dimacs_3_160_13123_0.85_5,4,5,SATISFIABLE
sat_dimacs_3_160_13214_0.95_2,4,4,SATISFIABLE
sat_dimacs_3_160_1386_0.85_8,4,5,SATISFIABLE
sat_dimacs_3_160_14324_0.65_4,4,5,SATISFIABLE
sat_dimacs_3_160_14623_0.65_9,4,5,SATISFIABLE
sat_dimacs_3_160_15287_0.85_6,4,4,SATISFIABLE
sat_dimacs_3_160_15843_0.95_4,4,4,SATISFIABLE
sat_dimacs_3_160_16222_0.85_7,4,4,SATISFIABLE
sat_dimacs_3_160_16493_0.65_6,4,5,SATISFIABLE
sat_dimacs_3_160_17906_0.65_5,4,5,SATISFIABLE
sat_dimacs_3_160_19069_0.85_9,4,5,SATISFIABLE
sat_dimacs_3_160_24119_0.65_8,4,5,SATISFIABLE
sat_dimacs_3_160_27066_0.95_10,4,4,SATISFIABLE
sat_dimacs_3_160_27954_0.65_10,4,5,SATISFIABLE
sat_dimacs_3_160_2798_0.95_1,4,4,SATISFIABLE
sat_dimacs_3_160_28000_0.95_8,4,4,SATISFIABLE
sat_dimacs_3_160_31467_0.85_2,4,5,SATISFIABLE
sat_dimacs_3_160_31624_0.95_3,4,4,SATISFIABLE
sat_dimacs_3_160_31797_0.65_3,4,5,SATISFIABLE
sat_dimacs_3_160_32180_0.95_9,4,4,SATISFIABLE
sat_dimacs_3_160_4306_0.95_7,4,4,SATISFIABLE
sat_dimacs_3_160_5149_0.85_4,4,5,SATISFIABLE
sat_dimacs_3_160_545_0.95_6,4,4,SATISFIABLE
sat_dimacs_3_160_5830_0.85_1,4,5,SATISFIABLE
sat_dimacs_3_160_8273_0.95_5,4,4,SATISFIABLE
sat_dimacs_3_160_8449_0.85_10,4,4,SATISFIABLE
sat_dimacs_3_180_11209_0.85_9,4,5,SATISFIABLE
sat_dimacs_3_180_11472_0.95_2,4,5,SATISFIABLE
sat_dimacs_3_180_11477_0.85_8,4,5,SATISFIABLE
sat_dimacs_3_180_11886_0.85_3,4,5,SATISFIABLE
sat_dimacs_3_180_12586_0.65_7,4,5,SATISFIABLE
sat_dimacs_3_180_16988_0.65_9,4,5,SATISFIABLE
sat_dimacs_3_180_17444_0.95_10,4,4,SATISFIABLE
sat_dimacs_3_180_20476_0.95_3,4,4,SATISFIABLE
sat_dimacs_3_180_21443_0.65_2,4,5,SATISFIABLE
sat_dimacs_3_180_22493_0.95_9,4,4,SATISFIABLE
sat_dimacs_3_180_2261_0.85_4,4,5,SATISFIABLE
sat_dimacs_3_180_23079_0.85_10,4,4,SATISFIABLE
sat_dimacs_3_180_25475_0.95_5,4,4,SATISFIABLE
sat_dimacs_3_180_26020_0.85_7,4,5,SATISFIABLE
sat_dimacs_3_180_26123_0.65_3,4,5,SATISFIABLE
sat_dimacs_3_180_26914_0.95_6,4,4,SATISFIABLE
sat_dimacs_3_180_27243_0.85_6,4,4,SATISFIABLE
sat_dimacs_3_180_29396_0.95_7,4,4,SATISFIABLE
sat_dimacs_3_180_31518_0.65_6,4,5,SATISFIABLE
sat_dimacs_3_180_32520_0.85_2,4,5,SATISFIABLE
sat_dimacs_3_180_3277_0.95_1,4,4,SATISFIABLE
sat_dimacs_3_180_3711_0.95_8,4,4,SATISFIABLE
sat_dimacs_3_180_4322_0.65_8,4,5,SATISFIABLE
sat_dimacs_3_180_669_0.95_4,4,4,SATISFIABLE
sat_dimacs_3_180_9622_0.85_5,4,5,SATISFIABLE
sat_dimacs_3_180_976_0.85_1,4,5,SATISFIABLE
sat_dimacs_3_200_10379_0.65_4,4,5,SATISFIABLE
sat_dimacs_3_200_13389_0.95_8,4,4,SATISFIABLE
sat_dimacs_3_200_1350_0.85_10,4,5,SATISFIABLE
sat_dimacs_3_200_15878_0.65_8,4,5,SATISFIABLE
sat_dimacs_3_200_1632_0.65_7,4,5,SATISFIABLE
sat_dimacs_3_200_16339_0.85_9,4,5,SATISFIABLE
sat_dimacs_3_200_19933_0.95_5,4,4,SATISFIABLE
sat_dimacs_3_200_19995_0.95_9,4,4,SATISFIABLE
sat_dimacs_3_200_21672_0.85_2,4,4,SATISFIABLE
sat_dimacs_3_200_2176_0.85_5,4,5,SATISFIABLE
sat_dimacs_3_200_23078_0.95_4,4,4,SATISFIABLE
sat_dimacs_3_200_24589_0.85_6,4,5,SATISFIABLE
sat_dimacs_3_200_25243_0.85_4,4,4,SATISFIABLE
sat_dimacs_3_200_26330_0.95_2,4,4,SATISFIABLE
sat_dimacs_3_200_28287_0.65_5,4,5,SATISFIABLE
sat_dimacs_3_200_30526_0.85_8,4,5,SATISFIABLE
sat_dimacs_3_200_31437_0.65_6,4,5,SATISFIABLE
sat_dimacs_3_200_413_0.65_3,4,5,SATISFIABLE
sat_dimacs_3_200_4935_0.85_1,4,5,SATISFIABLE
sat_dimacs_3_200_5554_0.85_7,4,5,SATISFIABLE
sat_dimacs_3_200_615_0.95_1,4,4,SATISFIABLE
sat_dimacs_3_200_6573_0.95_3,4,4,SATISFIABLE
sat_dimacs_3_200_6859_0.95_7,4,4,SATISFIABLE
sat_dimacs_3_200_7242_0.85_3,4,5,SATISFIABLE
sat_dimacs_3_200_7389_0.95_6,4,4,SATISFIABLE
sat_dimacs_3_200_8447_0.65_10,4,5,SATISFIABLE
sat_dimacs_3_200_8931_0.95_10,4,4,SATISFIABLE
sat_dimacs_3_220_10000_0.85_1,4,5,SATISFIABLE
sat_dimacs_3_220_10517_0.65_7,4,5,SATISFIABLE
sat_dimacs_3_220_11651_0.85_3,4,5,SATISFIABLE
sat_dimacs_3_220_12087_0.95_5,4,4,SATISFIABLE
sat_dimacs_3_220_12503_0.85_7,4,5,SATISFIABLE
sat_dimacs_3_220_12777_0.95_10,4,4,SATISFIABLE
sat_dimacs_3_220_12850_0.95_2,4,4,SATISFIABLE
sat_dimacs_3_220_13324_0.85_8,4,5,SATISFIABLE
sat_dimacs_3_220_13615_0.95_3,4,4,SATISFIABLE
sat_dimacs_3_220_14921_0.95_1,4,4,SATISFIABLE
sat_dimacs_3_220_1690_0.95_9,4,4,SATISFIABLE
sat_dimacs_3_220_21627_0.85_9,4,5,SATISFIABLE
sat_dimacs_3_220_22249_0.85_6,4,5,SATISFIABLE
sat_dimacs_3_220_22532_0.95_4,4,4,SATISFIABLE
sat_dimacs_3_220_22806_0.65_1,4,5,SATISFIABLE
sat_dimacs_3_220_24401_0.95_7,4,4,SATISFIABLE
sat_dimacs_3_220_26749_0.85_2,4,5,SATISFIABLE
sat_dimacs_3_220_29539_0.95_8,4,4,SATISFIABLE
sat_dimacs_3_220_30397_0.85_10,4,5,SATISFIABLE
sat_dimacs_3_220_8105_0.85_4,4,5,SATISFIABLE
sat_dimacs_3_220_8322_0.95_6,4,4,SATISFIABLE
sat_dimacs_3_220_9010_0.65_4,4,5,SATISFIABLE
sat_dimacs_3_240_13694_0.95_4,4,4,SATISFIABLE
sat_dimacs_3_240_13829_0.85_2,4,5,SATISFIABLE
sat_dimacs_3_240_1414_0.85_8,4,5,SATISFIABLE
sat_dimacs_3_240_1583_0.85_1,4,5,SATISFIABLE
sat_dimacs_3_240_16212_0.85_5,4,5,SATISFIABLE
sat_dimacs_3_240_19118_0.95_9,4,4,SATISFIABLE
sat_dimacs_3_240_20078_0.85_6,4,5,SATISFIABLE
sat_dimacs_3_240_22025_0.85_3,4,5,SATISFIABLE
sat_dimacs_3_240_23438_0.85_7,4,5,SATISFIABLE
sat_dimacs_3_240_23650_0.85_9,4,5,SATISFIABLE
sat_dimacs_3_240_24084_0.65_9,4,5,SATISFIABLE
sat_dimacs_3_240_24715_0.95_6,4,4,SATISFIABLE
sat_dimacs_3_240_26092_0.95_7,4,4,SATISFIABLE
sat_dimacs_3_240_3041_0.95_2,4,4,SATISFIABLE
sat_dimacs_3_240_40_0.85_10,4,5,SATISFIABLE
sat_dimacs_3_240_4578_0.95_3,4,4,SATISFIABLE
sat_dimacs_3_240_4995_0.95_10,4,4,SATISFIABLE
sat_dimacs_3_240_5037_0.95_1,4,4,SATISFIABLE
sat_dimacs_3_240_6425_0.95_5,4,4,SATISFIABLE
sat_dimacs_3_240_8023_0.85_4,4,5,SATISFIABLE
sat_dimacs_3_240_9610_0.95_8,4,4,SATISFIABLE
sat_dimacs_3_260_11778_0.85_5,4,5,SATISFIABLE
sat_dimacs_3_260_11954_0.95_7,4,4,SATISFIABLE
sat_dimacs_3_260_14426_0.85_6,4,5,SATISFIABLE
sat_dimacs_3_260_14518_0.95_1,4,4,SATISFIABLE
sat_dimacs_3_260_16103_0.85_9,4,5,SATISFIABLE
sat_dimacs_3_260_16342_0.65_7,4,5,SATISFIABLE
sat_dimacs_3_260_18384_0.95_4,4,5,SATISFIABLE
sat_dimacs_3_260_18791_0.95_5,4,4,SATISFIABLE
sat_dimacs_3_260_22839_0.95_3,4,4,SATISFIABLE
sat_dimacs_3_260_23469_0.85_7,4,5,SATISFIABLE
sat_dimacs_3_260_2355_0.95_9,4,4,SATISFIABLE
sat_dimacs_3_260_23566_0.85_8,4,5,SATISFIABLE
sat_dimacs_3_260_25665_0.65_6,4,5,SATISFIABLE
sat_dimacs_3_260_2596_0.85_3,4,5,SATISFIABLE
sat_dimacs_3_260_25999_0.95_6,4,4,SATISFIABLE
sat_dimacs_3_260_26463_0.65_5,4,5,SATISFIABLE
sat_dimacs_3_260_26734_0.85_10,4,5,SATISFIABLE
sat_dimacs_3_260_30555_0.85_4,4,4,SATISFIABLE
sat_dimacs_3_260_32225_0.95_8,4,4,SATISFIABLE
sat_dimacs_3_260_32296_0.65_1,4,5,SATISFIABLE
sat_dimacs_3_260_439_0.85_1,4,5,SATISFIABLE
sat_dimacs_3_260_4443_0.95_10,4,4,SATISFIABLE
sat_dimacs_3_260_570_0.95_2,4,4,SATISFIABLE
sat_dimacs_3_260_5805_0.65_2,4,5,SATISFIABLE
sat_dimacs_3_260_9738_0.65_10,4,5,SATISFIABLE
sat_dimacs_3_280_11508_0.95_10,4,4,SATISFIABLE
sat_dimacs_3_280_13504_0.85_9,4,5,SATISFIABLE
sat_dimacs_3_280_15282_0.95_4,4,4,SATISFIABLE
sat_dimacs_3_280_17337_0.95_2,4,4,SATISFIABLE
sat_dimacs_3_280_17369_0.85_3,4,5,SATISFIABLE
sat_dimacs_3_280_1815_0.65_4,4,5,SATISFIABLE
sat_dimacs_3_280_19513_0.95_6,4,4,SATISFIABLE
sat_dimacs_3_280_19518_0.85_2,4,4,SATISFIABLE
sat_dimacs_3_280_20258_0.65_5,4,5,SATISFIABLE
sat_dimacs_3_280_2074_0.65_9,4,5,SATISFIABLE
sat_dimacs_3_280_21834_0.95_9,4,4,SATISFIABLE
sat_dimacs_3_280_22209_0.95_5,4,4,SATISFIABLE
sat_dimacs_3_280_24250_0.65_1,4,5,SATISFIABLE
sat_dimacs_3_280_2550_0.95_1,4,4,SATISFIABLE
sat_dimacs_3_280_26230_0.95_7,4,4,SATISFIABLE
sat_dimacs_3_280_29038_0.95_3,4,4,SATISFIABLE
sat_dimacs_3_280_30248_0.85_6,4,5,SATISFIABLE
sat_dimacs_3_280_30755_0.85_10,4,5,SATISFIABLE
sat_dimacs_3_280_32694_0.85_8,4,5,SATISFIABLE
sat_dimacs_3_280_3674_0.85_5,4,5,SATISFIABLE
sat_dimacs_3_280_4135_0.85_4,4,4,SATISFIABLE
sat_dimacs_3_280_4281_0.85_7,4,5,SATISFIABLE
sat_dimacs_3_280_7100_0.65_7,4,5,SATISFIABLE
sat_dimacs_3_280_7142_0.95_8,4,4,SATISFIABLE
sat_dimacs_3_280_963_0.85_1,4,5,SATISFIABLE
sat_dimacs_3_280_9651_0.65_2,4,5,SATISFIABLE
sat_dimacs_3_300_10890_0.95_10,4,4,SATISFIABLE
sat_dimacs_3_300_14391_0.85_5,4,5,SATISFIABLE
sat_dimacs_3_300_14963_0.95_5,4,5,SATISFIABLE
sat_dimacs_3_300_18275_0.95_7,4,4,SATISFIABLE
sat_dimacs_3_300_20634_0.95_2,4,4,SATISFIABLE
sat_dimacs_3_300_21073_0.85_7,4,5,SATISFIABLE
sat_dimacs_3_300_21424_0.65_2,4,5,SATISFIABLE
sat_dimacs_3_300_2378_0.95_8,4,4,SATISFIABLE
sat_dimacs_3_300_24137_0.85_6,4,5,SATISFIABLE
sat_dimacs_3_300_2523_0.65_7,4,5,SATISFIABLE
sat_dimacs_3_300_26267_0.85_2,4,5,SATISFIABLE
sat_dimacs_3_300_2704_0.85_4,4,5,SATISFIABLE
sat_dimacs_3_300_27155_0.85_8,4,5,SATISFIABLE
sat_dimacs_3_300_28125_0.95_3,4,4,SATISFIABLE
sat_dimacs_3_300_29132_0.95_1,4,4,SATISFIABLE
sat_dimacs_3_300_29141_0.65_6,4,5,SATISFIABLE
sat_dimacs_3_300_29277_0.85_3,4,5,SATISFIABLE
sat_dimacs_3_300_30831_0.85_10,4,4,SATISFIABLE
sat_dimacs_3_300_32546_0.85_1,4,5,SATISFIABLE
sat_dimacs_3_300_32568_0.65_3,4,5,SATISFIABLE
sat_dimacs_3_300_4829_0.95_4,4,4,SATISFIABLE
sat_dimacs_3_300_6789_0.95_6,4,5,SATISFIABLE
sat_dimacs_3_300_8903_0.65_5,4,5,SATISFIABLE
sat_dimacs_3_300_9187_0.95_9,4,4,SATISFIABLE
sat_dimacs_3_300_9217_0.85_9,4,5,SATISFIABLE
sat_dimacs_3_320_10975_0.65_3,4,5,SATISFIABLE
sat_dimacs_3_320_13069_0.85_8,4,5,SATISFIABLE
sat_dimacs_3_320_1354_0.95_2,4,4,SATISFIABLE
sat_dimacs_3_320_14110_0.95_8,4,4,SATISFIABLE
sat_dimacs_3_320_1813_0.95_10,4,4,SATISFIABLE
sat_dimacs_3_320_18790_0.85_1,4,5,SATISFIABLE
sat_dimacs_3_320_21419_0.65_4,4,5,SATISFIABLE
sat_dimacs_3_320_22855_0.95_4,4,4,SATISFIABLE
sat_dimacs_3_320_2298_0.85_5,4,5,SATISFIABLE
sat_dimacs_3_320_24779_0.85_4,4,5,SATISFIABLE
sat_dimacs_3_320_27617_0.95_5,4,4,SATISFIABLE
sat_dimacs_3_320_28842_0.95_1,4,4,SATISFIABLE
sat_dimacs_3_320_28864_0.95_9,4,4,SATISFIABLE
sat_dimacs_3_320_28897_0.85_9,4,5,SATISFIABLE
sat_dimacs_3_320_29490_0.85_7,4,5,SATISFIABLE
sat_dimacs_3_320_29694_0.85_10,4,5,SATISFIABLE
sat_dimacs_3_320_30920_0.85_3,4,5,SATISFIABLE
sat_dimacs_3_320_31963_0.95_3,4,4,SATISFIABLE
sat_dimacs_3_320_3943_0.85_6,4,5,SATISFIABLE
sat_dimacs_3_320_9113_0.95_7,4,4,SATISFIABLE
sat_dimacs_3_320_9255_0.95_6,4,4,SATISFIABLE
sat_dimacs_3_320_93_0.85_2,4,5,SATISFIABLE
sat_dimacs_3_340_10626_0.65_10,4,5,SATISFIABLE
sat_dimacs_3_340_11427_0.95_5,4,4,SATISFIABLE
sat_dimacs_3_340_12661_0.95_9,4,5,SATISFIABLE
sat_dimacs_3_340_1324_0.95_3,4,4,SATISFIABLE
sat_dimacs_3_340_13625_0.85_6,4,5,SATISFIABLE
sat_dimacs_3_340_13698_0.85_5,4,5,SATISFIABLE
sat_dimacs_3_340_136_0.85_3,4,5,SATISFIABLE
sat_dimacs_3_340_14335_0.85_1,4,5,SATISFIABLE
sat_dimacs_3_340_14731_0.95_4,4,4,SATISFIABLE
sat_dimacs_3_340_18372_0.95_6,4,4,SATISFIABLE
sat_dimacs_3_340_19803_0.65_7,4,5,SATISFIABLE
sat_dimacs_3_340_20500_0.85_10,4,5,SATISFIABLE
sat_dimacs_3_340_22109_0.65_5,4,5,SATISFIABLE
sat_dimacs_3_340_24157_0.95_7,4,4,SATISFIABLE
sat_dimacs_3_340_27675_0.85_8,4,5,SATISFIABLE
sat_dimacs_3_340_29370_0.85_7,4,4,SATISFIABLE
sat_dimacs_3_340_31463_0.95_8,4,4,SATISFIABLE
sat_dimacs_3_340_3789_0.85_2,4,4,SATISFIABLE
sat_dimacs_3_340_450_0.95_1,4,4,SATISFIABLE
sat_dimacs_3_340_5327_0.65_6,4,5,SATISFIABLE
sat_dimacs_3_340_5827_0.95_2,4,4,SATISFIABLE
sat_dimacs_3_340_644_0.85_9,4,5,SATISFIABLE
sat_dimacs_3_340_6890_0.85_4,4,5,SATISFIABLE
sat_dimacs_3_340_7919_0.95_10,4,4,SATISFIABLE
sat_dimacs_3_360_10081_0.85_7,4,5,SATISFIABLE
sat_dimacs_3_360_10500_0.95_4,4,4,SATISFIABLE
sat_dimacs_3_360_11772_0.65_5,4,5,SATISFIABLE
sat_dimacs_3_360_17227_0.85_6,4,5,SATISFIABLE
sat_dimacs_3_360_17265_0.95_2,4,4,SATISFIABLE
sat_dimacs_3_360_20214_0.85_1,4,5,SATISFIABLE
sat_dimacs_3_360_23851_0.95_7,4,4,SATISFIABLE
sat_dimacs_3_360_23997_0.85_5,4,5,SATISFIABLE
sat_dimacs_3_360_24562_0.65_1,4,5,SATISFIABLE
sat_dimacs_3_360_25243_0.95_6,4,5,SATISFIABLE
sat_dimacs_3_360_26414_0.85_10,4,5,SATISFIABLE
sat_dimacs_3_360_2676_0.85_9,4,5,SATISFIABLE
sat_dimacs_3_360_26879_0.95_8,4,4,SATISFIABLE
sat_dimacs_3_360_28835_0.95_3,4,4,SATISFIABLE
sat_dimacs_3_360_28906_0.85_4,4,5,SATISFIABLE
sat_dimacs_3_360_31131_0.95_9,4,4,SATISFIABLE
sat_dimacs_3_360_3369_0.95_10,4,4,SATISFIABLE
sat_dimacs_3_360_3953_0.85_8,4,5,SATISFIABLE
sat_dimacs_3_360_6131_0.85_2,4,5,SATISFIABLE
sat_dimacs_3_360_7468_0.95_5,4,4,SATISFIABLE
sat_dimacs_3_360_7874_0.85_3,4,5,SATISFIABLE
sat_dimacs_3_360_9764_0.95_1,4,4,SATISFIABLE
sat_dimacs_3_380_1030_0.85_3,4,5,SATISFIABLE
sat_dimacs_3_380_10582_0.95_10,4,5,SATISFIABLE
sat_dimacs_3_380_11642_0.95_6,4,4,SATISFIABLE
sat_dimacs_3_380_16223_0.95_2,4,5,SATISFIABLE
sat_dimacs_3_380_17054_0.85_6,4,5,SATISFIABLE
sat_dimacs_3_380_18577_0.85_8,4,5,SATISFIABLE
sat_dimacs_3_380_20573_0.95_9,4,4,SATISFIABLE
sat_dimacs_3_380_22525_0.85_9,4,5,SATISFIABLE
sat_dimacs_3_380_22645_0.65_7,4,5,SATISFIABLE
sat_dimacs_3_380_23780_0.85_5,4,5,SATISFIABLE
sat_dimacs_3_380_23958_0.95_7,4,4,SATISFIABLE
sat_dimacs_3_380_26853_0.95_8,4,4,SATISFIABLE
sat_dimacs_3_380_27002_0.95_4,4,5,SATISFIABLE
sat_dimacs_3_380_27724_0.65_4,4,5,SATISFIABLE
sat_dimacs_3_380_28189_0.85_4,4,5,SATISFIABLE
sat_dimacs_3_380_28795_0.85_7,4,5,SATISFIABLE
sat_dimacs_3_380_29191_0.85_10,4,5,SATISFIABLE
sat_dimacs_3_380_29452_0.85_1,4,5,SATISFIABLE
sat_dimacs_3_380_29661_0.85_2,4,5,SATISFIABLE
sat_dimacs_3_380_32520_0.95_1,4,4,SATISFIABLE
sat_dimacs_3_380_4800_0.95_5,4,4,SATISFIABLE
sat_dimacs_3_380_7912_0.95_3,4,4,SATISFIABLE
sat_dimacs_3_400_10536_0.85_4,4,5,SATISFIABLE
sat_dimacs_3_400_1153_0.95_5,4,4,SATISFIABLE
sat_dimacs_3_400_13241_0.95_8,4,4,SATISFIABLE
sat_dimacs_3_400_14400_0.85_5,4,5,SATISFIABLE
sat_dimacs_3_400_17444_0.85_7,4,5,SATISFIABLE
sat_dimacs_3_400_1833_0.95_1,4,4,SATISFIABLE
sat_dimacs_3_400_20338_0.95_6,4,4,SATISFIABLE
sat_dimacs_3_400_20528_0.85_6,4,5,SATISFIABLE
sat_dimacs_3_400_22058_0.85_9,4,4,SATISFIABLE
sat_dimacs_3_400_22708_0.95_9,4,5,SATISFIABLE
sat_dimacs_3_400_22846_0.65_8,4,5,SATISFIABLE
sat_dimacs_3_400_24404_0.85_8,4,5,SATISFIABLE
sat_dimacs_3_400_25448_0.95_2,4,5,SATISFIABLE
sat_dimacs_3_400_25604_0.95_3,4,4,SATISFIABLE
sat_dimacs_3_400_25778_0.95_4,4,4,SATISFIABLE
sat_dimacs_3_400_25811_0.95_10,4,4,SATISFIABLE
sat_dimacs_3_400_3505_0.85_1,4,5,SATISFIABLE
sat_dimacs_3_400_6461_0.85_3,4,5,SATISFIABLE
sat_dimacs_3_400_6806_0.85_2,4,4,SATISFIABLE
sat_dimacs_3_400_8883_0.95_7,4,4,SATISFIABLE
sat_dimacs_3_40_10036_0.65_8,4,4,SATISFIABLE
sat_dimacs_3_40_10644_0.65_5,4,4,SATISFIABLE
sat_dimacs_3_40_10677_0.85_10,4,4,SATISFIABLE
sat_dimacs_3_40_11422_0.65_2,4,4,SATISFIABLE
sat_dimacs_3_40_12704_0.85_2,4,4,SATISFIABLE
sat_dimacs_3_40_14816_0.95_4,4,4,SATISFIABLE
sat_dimacs_3_40_18311_0.65_10,4,4,SATISFIABLE
sat_dimacs_3_40_18651_0.85_5,4,4,SATISFIABLE
sat_dimacs_3_40_19236_0.95_1,4,4,SATISFIABLE
sat_dimacs_3_40_19387_0.85_1,4,4,SATISFIABLE
sat_dimacs_3_40_20160_0.95_10,4,4,SATISFIABLE
sat_dimacs_3_40_20498_0.85_3,4,4,SATISFIABLE
sat_dimacs_3_40_21048_0.85_9,4,4,SATISFIABLE
sat_dimacs_3_40_22314_0.95_9,4,4,SATISFIABLE
sat_dimacs_3_40_22821_0.65_3,4,4,SATISFIABLE
sat_dimacs_3_40_23637_0.65_4,4,4,SATISFIABLE
sat_dimacs_3_40_2393_0.85_8,4,4,SATISFIABLE
sat_dimacs_3_40_24214_0.65_6,4,5,SATISFIABLE
sat_dimacs_3_40_25245_0.95_5,4,4,SATISFIABLE
sat_dimacs_3_40_26076_0.85_6,4,4,SATISFIABLE
sat_dimacs_3_40_26272_0.65_9,4,5,SATISFIABLE
sat_dimacs_3_40_2790_0.95_3,4,4,SATISFIABLE
sat_dimacs_3_40_27966_0.85_4,4,4,SATISFIABLE
sat_dimacs_3_40_28680_0.45_4,4,4,SATISFIABLE
sat_dimacs_3_40_28935_0.65_7,4,4,SATISFIABLE
sat_dimacs_3_40_29969_0.95_6,4,4,SATISFIABLE
sat_dimacs_3_40_3567_0.85_7,4,4,SATISFIABLE
sat_dimacs_3_40_4609_0.95_8,4,4,SATISFIABLE
sat_dimacs_3_40_489_0.95_2,4,4,SATISFIABLE
sat_dimacs_3_40_6837_0.65_1,4,5,SATISFIABLE
sat_dimacs_3_40_873_0.95_7,4,4,SATISFIABLE
sat_dimacs_3_60_10023_0.85_9,4,4,SATISFIABLE
sat_dimacs_3_60_10195_0.65_9,4,5,SATISFIABLE
sat_dimacs_3_60_10931_0.95_4,4,4,SATISFIABLE
sat_dimacs_3_60_11506_0.95_10,4,4,SATISFIABLE
sat_dimacs_3_60_14052_0.65_4,4,4,SATISFIABLE
sat_dimacs_3_60_15084_0.95_8,4,4,SATISFIABLE
sat_dimacs_3_60_16247_0.85_1,4,5,SATISFIABLE
sat_dimacs_3_60_16887_0.85_10,4,4,SATISFIABLE
sat_dimacs_3_60_1747_0.65_5,4,4,SATISFIABLE
sat_dimacs_3_60_17989_0.95_3,4,4,SATISFIABLE
sat_dimacs_3_60_18330_0.85_5,4,4,SATISFIABLE
sat_dimacs_3_60_20076_0.65_10,4,5,SATISFIABLE
sat_dimacs_3_60_20127_0.85_2,4,4,SATISFIABLE
sat_dimacs_3_60_22508_0.95_6,4,4,SATISFIABLE
sat_dimacs_3_60_25917_0.85_8,4,4,SATISFIABLE
sat_dimacs_3_60_26331_0.95_1,4,4,SATISFIABLE
sat_dimacs_3_60_27331_0.85_3,4,5,SATISFIABLE
sat_dimacs_3_60_29150_0.85_4,4,4,SATISFIABLE
sat_dimacs_3_60_29325_0.95_7,4,4,SATISFIABLE
sat_dimacs_3_60_30470_0.85_7,4,4,SATISFIABLE
sat_dimacs_3_60_30994_0.65_3,4,4,SATISFIABLE
sat_dimacs_3_60_31152_0.95_2,4,4,SATISFIABLE
sat_dimacs_3_60_5236_0.65_7,4,5,SATISFIABLE
sat_dimacs_3_60_5617_0.95_5,4,4,SATISFIABLE
sat_dimacs_3_60_6099_0.85_6,4,5,SATISFIABLE
sat_dimacs_3_60_6554_0.65_8,4,4,SATISFIABLE
sat_dimacs_3_60_811_0.95_9,4,4,SATISFIABLE
sat_dimacs_3_80_11842_0.95_10,4,4,SATISFIABLE
sat_dimacs_3_80_1312_0.45_9,4,4,SATISFIABLE
sat_dimacs_3_80_1360_0.85_2,4,4,SATISFIABLE
sat_dimacs_3_80_14119_0.95_7,4,4,SATISFIABLE
sat_dimacs_3_80_149_0.95_8,4,4,SATISFIABLE
sat_dimacs_3_80_15019_0.85_9,4,4,SATISFIABLE
sat_dimacs_3_80_1536_0.65_10,4,5,SATISFIABLE
sat_dimacs_3_80_17712_0.65_9,4,4,SATISFIABLE
sat_dimacs_3_80_20386_0.95_6,4,4,SATISFIABLE
sat_dimacs_3_80_22547_0.85_10,4,5,SATISFIABLE
sat_dimacs_3_80_23269_0.65_2,4,5,SATISFIABLE
sat_dimacs_3_80_24271_0.85_5,4,4,SATISFIABLE
sat_dimacs_3_80_24442_0.65_5,4,5,SATISFIABLE
sat_dimacs_3_80_25064_0.95_3,4,4,SATISFIABLE
sat_dimacs_3_80_26273_0.95_1,4,4,SATISFIABLE
sat_dimacs_3_80_28070_0.95_4,4,4,SATISFIABLE
sat_dimacs_3_80_30056_0.65_1,4,5,SATISFIABLE
sat_dimacs_3_80_30188_0.95_9,4,4,SATISFIABLE
sat_dimacs_3_80_30384_0.65_4,4,5,SATISFIABLE
sat_dimacs_3_80_31094_0.95_5,4,4,SATISFIABLE
sat_dimacs_3_80_3240_0.85_8,4,4,SATISFIABLE
sat_dimacs_3_80_3648_0.95_2,4,4,SATISFIABLE
sat_dimacs_3_80_3657_0.85_3,4,5,SATISFIABLE
sat_dimacs_3_80_4106_0.85_4,4,4,SATISFIABLE
sat_dimacs_3_80_4846_0.85_1,4,4,SATISFIABLE
sat_dimacs_3_80_4947_0.65_6,4,5,SATISFIABLE
sat_dimacs_3_80_5478_0.85_7,4,4,SATISFIABLE
sat_dimacs_3_80_6139_0.85_6,4,4,SATISFIABLE
sat_dimacs_4_100_12220_0.95_10,5,5,SATISFIABLE
sat_dimacs_4_100_12655_0.65_4,5,5,SATISFIABLE
sat_dimacs_4_100_13750_0.65_7,5,5,SATISFIABLE
sat_dimacs_4_100_1451_0.95_7,5,5,SATISFIABLE
sat_dimacs_4_100_15035_0.95_2,5,5,SATISFIABLE
sat_dimacs_4_100_16302_0.85_2,5,5,SATISFIABLE
sat_dimacs_4_100_17471_0.85_5,5,5,SATISFIABLE
sat_dimacs_4_100_17702_0.95_8,5,5,SATISFIABLE
sat_dimacs_4_100_17745_0.65_5,5,5,SATISFIABLE
sat_dimacs_4_100_20125_0.65_9,5,5,SATISFIABLE
sat_dimacs_4_100_23243_0.85_10,5,5,SATISFIABLE
sat_dimacs_4_100_2410_0.95_5,5,5,SATISFIABLE
sat_dimacs_4_100_25482_0.85_1,5,5,SATISFIABLE
sat_dimacs_4_100_27296_0.95_6,5,5,SATISFIABLE
sat_dimacs_4_100_29921_0.65_3,5,5,SATISFIABLE
sat_dimacs_4_100_31298_0.95_9,5,5,SATISFIABLE
sat_dimacs_4_100_31618_0.95_1,5,5,SATISFIABLE
sat_dimacs_4_100_31950_0.95_3,5,5,SATISFIABLE
sat_dimacs_4_100_32223_0.95_4,5,5,SATISFIABLE
sat_dimacs_4_100_4761_0.65_8,5,6,SATISFIABLE
sat_dimacs_4_100_4825_0.85_7,5,5,SATISFIABLE
sat_dimacs_4_100_5546_0.85_3,5,5,SATISFIABLE
sat_dimacs_4_100_6274_0.85_8,5,5,SATISFIABLE
sat_dimacs_4_100_7165_0.65_6,5,5,SATISFIABLE
sat_dimacs_4_100_7378_0.85_9,5,5,SATISFIABLE
sat_dimacs_4_100_8754_0.85_4,5,5,SATISFIABLE
sat_dimacs_4_100_9676_0.85_6,5,5,SATISFIABLE
sat_dimacs_4_120_12137_0.85_5,5,5,SATISFIABLE
sat_dimacs_4_120_12489_0.85_3,5,5,SATISFIABLE
sat_dimacs_4_120_12908_0.95_5,5,5,SATISFIABLE
sat_dimacs_4_120_13704_0.95_7,5,5,SATISFIABLE
sat_dimacs_4_120_14811_0.65_3,5,5,SATISFIABLE
sat_dimacs_4_120_17414_0.95_1,5,5,SATISFIABLE
sat_dimacs_4_120_176_0.65_8,5,6,SATISFIABLE
sat_dimacs_4_120_18631_0.95_4,5,5,SATISFIABLE
sat_dimacs_4_120_21110_0.95_9,5,5,SATISFIABLE
sat_dimacs_4_120_24624_0.85_2,5,5,SATISFIABLE
sat_dimacs_4_120_2491_0.95_2,5,5,SATISFIABLE
sat_dimacs_4_120_31738_0.95_10,5,5,SATISFIABLE
sat_dimacs_4_120_31803_0.95_3,5,5,SATISFIABLE
sat_dimacs_4_120_3394_0.85_10,5,5,SATISFIABLE
sat_dimacs_4_120_4132_0.65_6,5,5,SATISFIABLE
sat_dimacs_4_120_4426_0.85_7,5,5,SATISFIABLE
sat_dimacs_4_120_7695_0.85_9,5,5,SATISFIABLE
sat_dimacs_4_120_8179_0.85_1,5,5,SATISFIABLE
sat_dimacs_4_120_8520_0.95_6,5,5,SATISFIABLE
sat_dimacs_4_120_9862_0.95_8,5,5,SATISFIABLE
sat_dimacs_4_140_10137_0.65_9,5,5,SATISFIABLE
sat_dimacs_4_140_10152_0.95_3,5,5,SATISFIABLE
sat_dimacs_4_140_14330_0.85_3,5,5,SATISFIABLE
sat_dimacs_4_140_16569_0.65_3,5,5,SATISFIABLE
sat_dimacs_4_140_18440_0.85_7,5,5,SATISFIABLE
sat_dimacs_4_140_19403_0.85_4,5,5,SATISFIABLE
sat_dimacs_4_140_19930_0.85_6,5,5,SATISFIABLE
sat_dimacs_4_140_20041_0.85_8,5,5,SATISFIABLE
sat_dimacs_4_140_20232_0.85_5,5,5,SATISFIABLE
sat_dimacs_4_140_20841_0.85_1,5,5,SATISFIABLE
sat_dimacs_4_140_20936_0.65_5,5,6,SATISFIABLE
sat_dimacs_4_140_21574_0.95_8,5,5,SATISFIABLE
sat_dimacs_4_140_22461_0.95_4,5,5,SATISFIABLE
sat_dimacs_4_140_22577_0.95_2,5,5,SATISFIABLE
sat_dimacs_4_140_25922_0.85_9,5,5,SATISFIABLE
sat_dimacs_4_140_28029_0.95_9,5,5,SATISFIABLE
sat_dimacs_4_140_2806_0.65_4,5,6,SATISFIABLE
sat_dimacs_4_140_2958_0.95_7,5,5,SATISFIABLE
sat_dimacs_4_140_29771_0.95_10,5,5,SATISFIABLE
sat_dimacs_4_140_30731_0.65_10,5,5,SATISFIABLE
sat_dimacs_4_140_31495_0.85_2,5,5,SATISFIABLE
sat_dimacs_4_140_450_0.85_10,5,5,SATISFIABLE
sat_dimacs_4_140_4528_0.95_6,5,5,SATISFIABLE
sat_dimacs_4_140_736_0.95_5,5,5,SATISFIABLE
sat_dimacs_4_140_9000_0.95_1,5,5,SATISFIABLE
sat_dimacs_4_160_10237_0.65_3,5,6,SATISFIABLE
sat_dimacs_4_160_11062_0.95_5,5,5,SATISFIABLE
sat_dimacs_4_160_1164_0.95_6,5,5,SATISFIABLE
sat_dimacs_4_160_11844_0.95_7,5,5,SATISFIABLE
sat_dimacs_4_160_11895_0.65_8,5,5,SATISFIABLE
sat_dimacs_4_160_13249_0.65_9,5,6,SATISFIABLE
sat_dimacs_4_160_13463_0.85_5,5,5,SATISFIABLE
sat_dimacs_4_160_14336_0.95_3,5,5,SATISFIABLE
sat_dimacs_4_160_14461_0.95_1,5,5,SATISFIABLE
sat_dimacs_4_160_16672_0.95_9,5,5,SATISFIABLE
sat_dimacs_4_160_19869_0.95_8,5,5,SATISFIABLE
sat_dimacs_4_160_20105_0.85_2,5,5,SATISFIABLE
sat_dimacs_4_160_20553_0.85_9,5,5,SATISFIABLE
sat_dimacs_4_160_20766_0.95_2,5,5,SATISFIABLE
sat_dimacs_4_160_21918_0.85_8,5,5,SATISFIABLE
sat_dimacs_4_160_22700_0.95_4,5,5,SATISFIABLE
sat_dimacs_4_160_23128_0.85_6,5,5,SATISFIABLE
sat_dimacs_4_160_23525_0.85_4,5,5,SATISFIABLE
sat_dimacs_4_160_26538_0.65_10,5,6,SATISFIABLE
sat_dimacs_4_160_26885_0.95_10,5,5,SATISFIABLE
sat_dimacs_4_160_26908_0.85_1,5,5,SATISFIABLE
sat_dimacs_4_160_2751_0.85_7,5,5,SATISFIABLE
sat_dimacs_4_160_32318_0.65_4,5,5,SATISFIABLE
sat_dimacs_4_160_6715_0.85_10,5,5,SATISFIABLE
sat_dimacs_4_160_9918_0.85_3,5,5,SATISFIABLE
sat_dimacs_4_180_10703_0.65_10,5,6,SATISFIABLE
sat_dimacs_4_180_10802_0.95_8,5,5,SATISFIABLE
sat_dimacs_4_180_11054_0.85_1,5,5,SATISFIABLE
sat_dimacs_4_180_12733_0.85_10,5,5,SATISFIABLE
sat_dimacs_4_180_13290_0.95_2,5,5,SATISFIABLE
sat_dimacs_4_180_18339_0.85_7,5,5,SATISFIABLE
sat_dimacs_4_180_19448_0.65_9,5,6,SATISFIABLE
sat_dimacs_4_180_19899_0.65_2,5,6,SATISFIABLE
sat_dimacs_4_180_2042_0.95_3,5,5,SATISFIABLE
sat_dimacs_4_180_20728_0.95_4,5,5,SATISFIABLE
sat_dimacs_4_180_2186_0.95_6,5,5,SATISFIABLE
sat_dimacs_4_180_22171_0.85_3,5,5,SATISFIABLE
sat_dimacs_4_180_25026_0.85_9,5,5,SATISFIABLE
sat_dimacs_4_180_25602_0.85_8,5,5,SATISFIABLE
sat_dimacs_4_180_25943_0.95_10,5,5,SATISFIABLE
sat_dimacs_4_180_26906_0.95_5,5,5,SATISFIABLE
sat_dimacs_4_180_29130_0.95_7,5,5,SATISFIABLE
sat_dimacs_4_180_32269_0.95_9,5,5,SATISFIABLE
sat_dimacs_4_180_3920_0.85_5,5,5,SATISFIABLE
sat_dimacs_4_180_4017_0.85_2,5,5,SATISFIABLE
sat_dimacs_4_180_4084_0.85_4,5,5,SATISFIABLE
sat_dimacs_4_180_52_0.65_3,5,6,SATISFIABLE
sat_dimacs_4_180_7440_0.95_1,5,5,SATISFIABLE
sat_dimacs_4_180_7870_0.65_5,5,6,SATISFIABLE
sat_dimacs_4_180_7931_0.65_7,5,6,SATISFIABLE
sat_dimacs_4_180_8202_0.85_6,5,5,SATISFIABLE
sat_dimacs_4_200_11923_0.85_1,5,5,SATISFIABLE
sat_dimacs_4_200_14115_0.95_10,5,5,SATISFIABLE
sat_dimacs_4_200_14480_0.65_2,5,5,SATISFIABLE
sat_dimacs_4_200_15640_0.95_7,5,5,SATISFIABLE
sat_dimacs_4_200_16592_0.85_6,5,5,SATISFIABLE
sat_dimacs_4_200_16875_0.95_5,5,5,SATISFIABLE
sat_dimacs_4_200_17772_0.85_7,5,5,SATISFIABLE
sat_dimacs_4_200_17875_0.95_8,5,5,SATISFIABLE
sat_dimacs_4_200_19723_0.85_3,5,5,SATISFIABLE
sat_dimacs_4_200_19787_0.65_4,5,5,SATISFIABLE
sat_dimacs_4_200_20006_0.85_5,5,5,SATISFIABLE
sat_dimacs_4_200_20485_0.85_4,5,5,SATISFIABLE
sat_dimacs_4_200_2347_0.85_8,5,5,SATISFIABLE
sat_dimacs_4_200_23552_0.95_6,5,5,SATISFIABLE
sat_dimacs_4_200_24801_0.65_8,5,5,SATISFIABLE
sat_dimacs_4_200_25440_0.95_1,5,5,SATISFIABLE
sat_dimacs_4_200_25549_0.95_2,5,5,SATISFIABLE
sat_dimacs_4_200_26545_0.85_2,5,5,SATISFIABLE
sat_dimacs_4_200_28112_0.95_3,5,5,SATISFIABLE
sat_dimacs_4_200_28299_0.95_9,5,5,SATISFIABLE
sat_dimacs_4_200_3701_0.65_9,5,6,SATISFIABLE
sat_dimacs_4_200_8386_0.95_4,5,5,SATISFIABLE
sat_dimacs_4_200_9129_0.85_10,5,5,SATISFIABLE
sat_dimacs_4_200_9931_0.85_9,5,5,SATISFIABLE
sat_dimacs_4_220_13535_0.85_10,5,5,SATISFIABLE
sat_dimacs_4_220_13650_0.95_7,5,5,SATISFIABLE
sat_dimacs_4_220_15219_0.85_7,5,5,SATISFIABLE
sat_dimacs_4_220_15716_0.85_8,5,5,SATISFIABLE
sat_dimacs_4_220_19581_0.95_1,5,5,SATISFIABLE
sat_dimacs_4_220_20037_0.95_4,5,5,SATISFIABLE
sat_dimacs_4_220_20179_0.85_4,5,5,SATISFIABLE
sat_dimacs_4_220_20389_0.95_5,5,5,SATISFIABLE
sat_dimacs_4_220_21205_0.95_8,5,5,SATISFIABLE
sat_dimacs_4_220_22386_0.65_3,5,6,SATISFIABLE
sat_dimacs_4_220_23522_0.85_5,5,5,SATISFIABLE
sat_dimacs_4_220_24668_0.95_2,5,5,SATISFIABLE
sat_dimacs_4_220_25139_0.85_3,5,5,SATISFIABLE
sat_dimacs_4_220_25803_0.95_9,5,5,SATISFIABLE
sat_dimacs_4_220_2807_0.85_6,5,5,SATISFIABLE
sat_dimacs_4_220_28425_0.85_2,5,5,SATISFIABLE
sat_dimacs_4_220_29561_0.95_3,5,5,SATISFIABLE
sat_dimacs_4_220_31835_0.65_6,5,6,SATISFIABLE
sat_dimacs_4_220_32605_0.65_1,5,6,SATISFIABLE
sat_dimacs_4_220_32729_0.95_6,5,5,SATISFIABLE
sat_dimacs_4_220_3646_0.85_9,5,5,SATISFIABLE
sat_dimacs_4_220_5014_0.65_10,5,5,SATISFIABLE
sat_dimacs_4_220_6099_0.65_7,5,5,SATISFIABLE
sat_dimacs_4_220_8365_0.85_1,5,5,SATISFIABLE
sat_dimacs_4_220_9104_0.95_10,5,5,SATISFIABLE
sat_dimacs_4_240_10337_0.95_1,5,5,SATISFIABLE
sat_dimacs_4_240_13279_0.95_4,5,5,SATISFIABLE
sat_dimacs_4_240_13961_0.95_9,5,5,SATISFIABLE
sat_dimacs_4_240_14286_0.85_7,5,5,SATISFIABLE
sat_dimacs_4_240_14872_0.85_6,5,5,SATISFIABLE
sat_dimacs_4_240_15253_0.65_7,5,6,SATISFIABLE
sat_dimacs_4_240_18201_0.85_4,5,5,SATISFIABLE
sat_dimacs_4_240_16232_0.85_1,5,5,SATISFIABLE
sat_dimacs_4_240_19022_0.95_2,5,5,SATISFIABLE
sat_dimacs_4_240_20008_0.85_3,5,5,SATISFIABLE
sat_dimacs_4_240_21667_0.85_8,5,6,SATISFIABLE
sat_dimacs_4_240_2213_0.95_10,5,5,SATISFIABLE
sat_dimacs_4_240_25829_0.95_6,5,5,SATISFIABLE
sat_dimacs_4_240_26784_0.85_9,5,5,SATISFIABLE
sat_dimacs_4_240_28050_0.95_8,5,5,SATISFIABLE
sat_dimacs_4_240_28819_0.65_3,5,5,SATISFIABLE
sat_dimacs_4_240_29019_0.65_4,5,6,SATISFIABLE
sat_dimacs_4_240_30140_0.85_5,5,5,SATISFIABLE
sat_dimacs_4_240_32627_0.65_8,5,5,SATISFIABLE
sat_dimacs_4_240_538_0.85_10,5,5,SATISFIABLE
sat_dimacs_4_240_5927_0.85_2,5,5,SATISFIABLE
sat_dimacs_4_240_6657_0.95_5,5,5,SATISFIABLE
sat_dimacs_4_240_6091_0.95_7,5,5,SATISFIABLE
sat_dimacs_4_240_7481_0.95_3,5,5,SATISFIABLE
sat_dimacs_4_260_10587_0.95_4,5,5,SATISFIABLE
sat_dimacs_4_260_11346_0.95_2,5,5,SATISFIABLE
sat_dimacs_4_260_14958_0.85_5,5,5,SATISFIABLE
sat_dimacs_4_260_15494_0.65_1,5,5,SATISFIABLE
sat_dimacs_4_260_15260_0.95_1,5,5,SATISFIABLE
sat_dimacs_4_260_16199_0.85_9,5,5,SATISFIABLE
sat_dimacs_4_260_17739_0.65_6,5,6,SATISFIABLE
sat_dimacs_4_260_18681_0.85_6,5,5,SATISFIABLE
sat_dimacs_4_260_18982_0.95_5,5,5,SATISFIABLE
sat_dimacs_4_260_1887_0.85_2,5,5,SATISFIABLE
sat_dimacs_4_260_22356_0.85_1,5,5,SATISFIABLE
sat_dimacs_4_260_23931_0.95_9,5,5,SATISFIABLE
sat_dimacs_4_260_2492_0.95_10,5,5,SATISFIABLE
sat_dimacs_4_260_24943_0.95_6,5,5,SATISFIABLE
sat_dimacs_4_260_31694_0.95_8,5,5,SATISFIABLE
sat_dimacs_4_260_328_0.85_10,5,5,SATISFIABLE
sat_dimacs_4_260_28990_0.95_7,5,5,SATISFIABLE
sat_dimacs_4_260_4131_0.85_8,5,5,SATISFIABLE
sat_dimacs_4_260_5188_0.85_4,5,5,SATISFIABLE
sat_dimacs_4_260_5309_0.95_3,5,5,SATISFIABLE
sat_dimacs_4_260_5593_0.65_4,5,5,SATISFIABLE
sat_dimacs_4_260_7584_0.85_3,5,5,SATISFIABLE
sat_dimacs_4_260_9654_0.85_7,5,5,SATISFIABLE
sat_dimacs_4_280_10420_0.85_4,5,5,SATISFIABLE
sat_dimacs_4_280_1145_0.65_8,5,6,SATISFIABLE
sat_dimacs_4_280_11844_0.85_6,5,5,SATISFIABLE
sat_dimacs_4_280_12807_0.95_9,5,5,SATISFIABLE
sat_dimacs_4_280_15084_0.95_10,5,5,SATISFIABLE
sat_dimacs_4_280_18104_0.95_4,5,5,SATISFIABLE
sat_dimacs_4_280_19712_0.95_1,5,5,SATISFIABLE
sat_dimacs_4_280_20495_0.85_7,5,5,SATISFIABLE
sat_dimacs_4_280_23726_0.85_8,5,5,SATISFIABLE
sat_dimacs_4_280_24149_0.95_3,5,5,SATISFIABLE
sat_dimacs_4_280_25172_0.85_5,5,5,SATISFIABLE
sat_dimacs_4_280_26225_0.65_2,5,6,SATISFIABLE
sat_dimacs_4_280_27981_0.85_2,5,5,SATISFIABLE
sat_dimacs_4_280_284_0.85_9,5,5,SATISFIABLE
sat_dimacs_4_280_3173_0.95_2,5,5,SATISFIABLE
sat_dimacs_4_280_32465_0.85_3,5,5,SATISFIABLE
sat_dimacs_4_280_461_0.95_5,5,5,SATISFIABLE
sat_dimacs_4_280_4819_0.95_6,5,5,SATISFIABLE
sat_dimacs_4_280_5206_0.85_1,5,5,SATISFIABLE
sat_dimacs_4_280_5563_0.85_10,5,5,SATISFIABLE
sat_dimacs_4_280_5844_0.65_6,5,5,SATISFIABLE
sat_dimacs_4_280_6057_0.95_8,5,5,SATISFIABLE
sat_dimacs_4_280_6550_0.65_1,5,6,SATISFIABLE
sat_dimacs_4_280_7432_0.95_7,5,5,SATISFIABLE
sat_dimacs_4_300_10585_0.85_2,5,5,SATISFIABLE
sat_dimacs_4_300_10772_0.85_10,5,5,SATISFIABLE
sat_dimacs_4_300_11158_0.95_1,5,5,SATISFIABLE
sat_dimacs_4_300_11807_0.85_4,5,5,SATISFIABLE
sat_dimacs_4_300_12729_0.85_5,5,5,SATISFIABLE
sat_dimacs_4_300_12856_0.85_6,5,5,SATISFIABLE
sat_dimacs_4_300_13362_0.95_2,5,5,SATISFIABLE
sat_dimacs_4_300_15561_0.95_5,5,5,SATISFIABLE
sat_dimacs_4_300_17303_0.85_7,5,5,SATISFIABLE
sat_dimacs_4_300_17336_0.85_8,5,5,SATISFIABLE
sat_dimacs_4_300_19206_0.95_10,5,5,SATISFIABLE
sat_dimacs_4_300_19642_0.65_3,5,6,SATISFIABLE
sat_dimacs_4_300_202_0.95_7,5,5,SATISFIABLE
sat_dimacs_4_300_25119_0.95_6,5,5,SATISFIABLE
sat_dimacs_4_300_25718_0.85_3,5,5,SATISFIABLE
sat_dimacs_4_300_25872_0.95_3,5,5,SATISFIABLE
sat_dimacs_4_300_27424_0.65_4,5,6,SATISFIABLE
sat_dimacs_4_300_27615_0.95_9,5,5,SATISFIABLE
sat_dimacs_4_300_3093_0.65_8,5,5,SATISFIABLE
sat_dimacs_4_300_3825_0.85_9,5,5,SATISFIABLE
sat_dimacs_4_300_4787_0.95_8,5,5,SATISFIABLE
sat_dimacs_4_300_8046_0.95_4,5,5,SATISFIABLE
sat_dimacs_4_300_9422_0.85_1,5,5,SATISFIABLE
sat_dimacs_4_320_10662_0.95_7,5,5,SATISFIABLE
sat_dimacs_4_320_18051_0.95_1,5,5,SATISFIABLE
sat_dimacs_4_320_16435_0.95_6,5,5,SATISFIABLE
sat_dimacs_4_320_19170_0.85_3,5,5,SATISFIABLE
sat_dimacs_4_320_1947_0.95_10,5,5,SATISFIABLE
sat_dimacs_4_320_19697_0.65_2,5,5,SATISFIABLE
sat_dimacs_4_320_22068_0.85_8,5,5,SATISFIABLE
sat_dimacs_4_320_23075_0.85_4,5,5,SATISFIABLE
sat_dimacs_4_320_24160_0.85_5,5,5,SATISFIABLE
sat_dimacs_4_320_28873_0.85_2,5,5,SATISFIABLE
sat_dimacs_4_320_29732_0.95_5,5,5,SATISFIABLE
sat_dimacs_4_320_31621_0.95_2,5,5,SATISFIABLE
sat_dimacs_4_320_32409_0.95_8,5,5,SATISFIABLE
sat_dimacs_4_320_3434_0.95_9,5,5,SATISFIABLE
sat_dimacs_4_320_447_0.85_10,5,5,SATISFIABLE
sat_dimacs_4_320_4698_0.85_9,5,5,SATISFIABLE
sat_dimacs_4_320_5220_0.95_4,5,5,SATISFIABLE
sat_dimacs_4_320_5851_0.85_7,5,5,SATISFIABLE
sat_dimacs_4_320_7051_0.95_3,5,5,SATISFIABLE
sat_dimacs_4_320_9034_0.85_6,5,5,SATISFIABLE
sat_dimacs_4_340_10991_0.65_5,5,5,SATISFIABLE
sat_dimacs_4_340_14120_0.95_6,5,5,SATISFIABLE
sat_dimacs_4_340_14933_0.95_1,5,5,SATISFIABLE
sat_dimacs_4_340_15116_0.95_9,5,5,SATISFIABLE
sat_dimacs_4_340_15315_0.95_10,5,5,SATISFIABLE
sat_dimacs_4_340_16247_0.95_2,5,5,SATISFIABLE
sat_dimacs_4_340_20930_0.65_3,5,6,SATISFIABLE
sat_dimacs_4_340_21235_0.85_7,5,5,SATISFIABLE
sat_dimacs_4_340_23823_0.95_5,5,5,SATISFIABLE
sat_dimacs_4_340_23910_0.95_7,5,5,SATISFIABLE
sat_dimacs_4_340_25015_0.95_3,5,5,SATISFIABLE
sat_dimacs_4_340_2581_0.85_10,5,5,SATISFIABLE
sat_dimacs_4_340_25963_0.85_1,5,5,SATISFIABLE
sat_dimacs_4_340_27970_0.65_2,5,5,SATISFIABLE
sat_dimacs_4_340_28018_0.85_5,5,5,SATISFIABLE
sat_dimacs_4_340_29425_0.85_9,5,5,SATISFIABLE
sat_dimacs_4_340_30944_0.95_4,5,5,SATISFIABLE
sat_dimacs_4_340_32498_0.85_3,5,5,SATISFIABLE
sat_dimacs_4_340_3703_0.85_6,5,5,SATISFIABLE
sat_dimacs_4_340_5374_0.85_2,5,5,SATISFIABLE
sat_dimacs_4_340_7363_0.85_4,5,5,SATISFIABLE
sat_dimacs_4_340_9567_0.95_8,5,5,SATISFIABLE
sat_dimacs_4_340_9724_0.85_8,5,5,SATISFIABLE
sat_dimacs_4_360_10398_0.95_3,5,5,SATISFIABLE
sat_dimacs_4_360_10768_0.95_8,5,5,SATISFIABLE
sat_dimacs_4_360_11058_0.85_8,5,5,SATISFIABLE
sat_dimacs_4_360_13725_0.95_1,5,5,SATISFIABLE
sat_dimacs_4_360_13809_0.95_9,5,5,SATISFIABLE
sat_dimacs_4_360_14317_0.85_9,5,5,SATISFIABLE
sat_dimacs_4_360_14727_0.95_7,5,5,SATISFIABLE
sat_dimacs_4_360_19149_0.85_10,5,5,SATISFIABLE
sat_dimacs_4_360_24959_0.95_4,5,5,SATISFIABLE
sat_dimacs_4_360_25509_0.85_7,5,5,SATISFIABLE
sat_dimacs_4_360_2596_0.65_4,5,6,SATISFIABLE
sat_dimacs_4_360_28486_0.85_4,5,5,SATISFIABLE
sat_dimacs_4_360_29039_0.85_3,5,5,SATISFIABLE
sat_dimacs_4_360_2998_0.95_2,5,5,SATISFIABLE
sat_dimacs_4_360_31075_0.85_2,5,5,SATISFIABLE
sat_dimacs_4_360_3944_0.65_5,5,6,SATISFIABLE
sat_dimacs_4_360_5186_0.95_10,5,5,SATISFIABLE
sat_dimacs_4_360_6131_0.65_6,5,6,SATISFIABLE
sat_dimacs_4_360_5580_0.95_6,5,5,SATISFIABLE
sat_dimacs_4_360_6629_0.85_6,5,5,SATISFIABLE
sat_dimacs_4_360_7076_0.85_1,5,5,SATISFIABLE
sat_dimacs_4_360_9680_0.85_5,5,5,SATISFIABLE
sat_dimacs_4_360_9756_0.95_5,5,5,SATISFIABLE
sat_dimacs_4_380_1279_0.85_1,5,5,SATISFIABLE
sat_dimacs_4_380_14785_0.85_5,5,5,SATISFIABLE
sat_dimacs_4_380_15452_0.85_9,5,5,SATISFIABLE
sat_dimacs_4_380_1674_0.65_10,5,6,SATISFIABLE
sat_dimacs_4_380_15724_0.95_10,5,5,SATISFIABLE
sat_dimacs_4_380_17406_0.65_5,5,6,SATISFIABLE
sat_dimacs_4_380_1895_0.85_4,5,5,SATISFIABLE
sat_dimacs_4_380_19148_0.95_4,5,5,SATISFIABLE
sat_dimacs_4_380_20202_0.85_2,5,5,SATISFIABLE
sat_dimacs_4_380_20780_0.95_1,5,5,SATISFIABLE
sat_dimacs_4_380_20901_0.65_3,5,6,SATISFIABLE
sat_dimacs_4_380_21320_0.85_6,5,5,SATISFIABLE
sat_dimacs_4_380_2209_0.95_3,5,5,SATISFIABLE
sat_dimacs_4_380_22586_0.85_7,5,5,SATISFIABLE
sat_dimacs_4_380_24384_0.95_5,5,5,SATISFIABLE
sat_dimacs_4_380_2463_0.95_8,5,5,SATISFIABLE
sat_dimacs_4_380_25837_0.85_10,5,5,SATISFIABLE
sat_dimacs_4_380_27096_0.95_7,5,5,SATISFIABLE
sat_dimacs_4_380_28086_0.95_2,5,5,SATISFIABLE
sat_dimacs_4_380_2859_0.95_6,5,5,SATISFIABLE
sat_dimacs_4_380_28804_0.85_8,5,5,SATISFIABLE
sat_dimacs_4_380_29537_0.95_9,5,5,SATISFIABLE
sat_dimacs_4_380_9738_0.85_3,5,5,SATISFIABLE
sat_dimacs_4_400_11086_0.95_6,5,5,SATISFIABLE
sat_dimacs_4_400_11737_0.95_2,5,5,SATISFIABLE
sat_dimacs_4_400_14174_0.85_5,5,5,SATISFIABLE
sat_dimacs_4_400_15459_0.85_2,5,5,SATISFIABLE
sat_dimacs_4_400_15362_0.95_7,5,5,SATISFIABLE
sat_dimacs_4_400_17164_0.95_4,5,5,SATISFIABLE
sat_dimacs_4_400_18310_0.85_6,5,5,SATISFIABLE
sat_dimacs_4_400_18643_0.85_9,5,5,SATISFIABLE
sat_dimacs_4_400_18796_0.85_10,5,5,SATISFIABLE
sat_dimacs_4_400_19056_0.85_4,5,5,SATISFIABLE
sat_dimacs_4_400_19321_0.65_3,5,6,SATISFIABLE
sat_dimacs_4_400_20006_0.95_3,5,5,SATISFIABLE
sat_dimacs_4_400_22205_0.65_2,5,5,SATISFIABLE
sat_dimacs_4_400_22571_0.85_8,5,5,SATISFIABLE
sat_dimacs_4_400_2262_0.85_7,5,5,SATISFIABLE
sat_dimacs_4_400_24956_0.85_3,5,5,SATISFIABLE
sat_dimacs_4_400_23338_0.95_9,5,5,SATISFIABLE
sat_dimacs_4_400_27208_0.95_10,5,5,SATISFIABLE
sat_dimacs_4_40_11892_0.65_3,5,5,SATISFIABLE
sat_dimacs_4_400_31059_0.95_8,5,5,SATISFIABLE
sat_dimacs_4_40_1314_0.95_3,5,5,SATISFIABLE
sat_dimacs_4_40_13470_0.95_7,5,5,SATISFIABLE
sat_dimacs_4_40_14200_0.85_5,5,5,SATISFIABLE
sat_dimacs_4_40_14640_0.85_8,5,5,SATISFIABLE
sat_dimacs_4_40_17173_0.45_1,5,5,SATISFIABLE
sat_dimacs_4_40_17774_0.65_5,5,5,SATISFIABLE
sat_dimacs_4_40_18451_0.65_7,5,5,SATISFIABLE
sat_dimacs_4_40_18856_0.95_1,5,5,SATISFIABLE
sat_dimacs_4_40_20138_0.85_2,5,5,SATISFIABLE
sat_dimacs_4_40_20851_0.85_6,5,5,SATISFIABLE
sat_dimacs_4_40_22154_0.85_9,5,5,SATISFIABLE
sat_dimacs_4_40_22472_0.85_1,5,5,SATISFIABLE
sat_dimacs_4_40_22737_0.85_4,5,5,SATISFIABLE
sat_dimacs_4_40_2392_0.65_6,5,5,SATISFIABLE
sat_dimacs_4_40_26833_0.65_4,5,5,SATISFIABLE
sat_dimacs_4_40_27468_0.95_5,5,5,SATISFIABLE
sat_dimacs_4_40_30671_0.95_2,5,5,SATISFIABLE
sat_dimacs_4_40_32017_0.95_10,5,5,SATISFIABLE
sat_dimacs_4_40_32098_0.65_8,5,5,SATISFIABLE
sat_dimacs_4_40_43_0.65_1,5,5,SATISFIABLE
sat_dimacs_4_40_4609_0.95_8,5,5,SATISFIABLE
sat_dimacs_4_40_6175_0.85_7,5,5,SATISFIABLE
sat_dimacs_4_40_6642_0.95_6,5,5,SATISFIABLE
sat_dimacs_4_40_8228_0.85_10,5,5,SATISFIABLE
sat_dimacs_4_40_8372_0.85_3,5,5,SATISFIABLE
sat_dimacs_4_40_8418_0.95_9,5,5,SATISFIABLE
sat_dimacs_4_40_8823_0.45_4,5,5,SATISFIABLE
sat_dimacs_4_60_10454_0.85_1,5,5,SATISFIABLE
sat_dimacs_4_40_9421_0.95_4,5,5,SATISFIABLE
sat_dimacs_4_60_10504_0.95_6,5,5,SATISFIABLE
sat_dimacs_4_60_13782_0.65_9,5,5,SATISFIABLE
sat_dimacs_4_60_17412_0.95_9,5,5,SATISFIABLE
sat_dimacs_4_60_18310_0.95_2,5,5,SATISFIABLE
sat_dimacs_4_60_18631_0.95_1,5,5,SATISFIABLE
sat_dimacs_4_60_18708_0.85_2,5,5,SATISFIABLE
sat_dimacs_4_60_18816_0.65_10,5,5,SATISFIABLE
sat_dimacs_4_60_19669_0.85_5,5,5,SATISFIABLE
sat_dimacs_4_60_20655_0.85_4,5,5,SATISFIABLE
sat_dimacs_4_60_20729_0.65_5,5,5,SATISFIABLE
sat_dimacs_4_60_21257_0.85_8,5,5,SATISFIABLE
sat_dimacs_4_60_21783_0.65_7,5,5,SATISFIABLE
sat_dimacs_4_60_22714_0.65_6,5,5,SATISFIABLE
sat_dimacs_4_60_22817_0.85_7,5,5,SATISFIABLE
sat_dimacs_4_60_24023_0.95_4,5,5,SATISFIABLE
sat_dimacs_4_60_24104_0.65_1,5,5,SATISFIABLE
sat_dimacs_4_60_25607_0.85_10,5,5,SATISFIABLE
sat_dimacs_4_60_27539_0.95_3,5,5,SATISFIABLE
sat_dimacs_4_60_27810_0.95_5,5,5,SATISFIABLE
sat_dimacs_4_60_28519_0.65_2,5,5,SATISFIABLE
sat_dimacs_4_60_29685_0.95_7,5,5,SATISFIABLE
sat_dimacs_4_60_32712_0.95_8,5,5,SATISFIABLE
sat_dimacs_4_60_3354_0.85_6,5,5,SATISFIABLE
sat_dimacs_4_60_5649_0.85_9,5,5,SATISFIABLE
sat_dimacs_4_60_6871_0.85_3,5,5,SATISFIABLE
sat_dimacs_4_60_6947_0.65_8,5,5,SATISFIABLE
sat_dimacs_4_60_7968_0.95_10,5,5,SATISFIABLE
sat_dimacs_4_60_8984_0.65_3,5,6,SATISFIABLE
sat_dimacs_4_80_12488_0.85_2,5,5,SATISFIABLE
sat_dimacs_4_80_13633_0.65_4,5,5,SATISFIABLE
sat_dimacs_4_80_17774_0.65_1,5,5,SATISFIABLE
sat_dimacs_4_80_15007_0.85_8,5,5,SATISFIABLE
sat_dimacs_4_80_18086_0.95_2,5,5,SATISFIABLE
sat_dimacs_4_80_18164_0.65_10,5,5,SATISFIABLE
sat_dimacs_4_80_23040_0.65_7,5,5,SATISFIABLE
sat_dimacs_4_80_23195_0.65_8,5,5,SATISFIABLE
sat_dimacs_4_80_24981_0.85_4,5,5,SATISFIABLE
sat_dimacs_4_80_25833_0.95_3,5,5,SATISFIABLE
sat_dimacs_4_80_2585_0.85_1,5,5,SATISFIABLE
sat_dimacs_4_80_28101_0.95_9,5,5,SATISFIABLE
sat_dimacs_4_80_27480_0.95_7,5,5,SATISFIABLE
sat_dimacs_4_80_28592_0.65_2,5,5,SATISFIABLE
sat_dimacs_4_80_28644_0.85_9,5,5,SATISFIABLE
sat_dimacs_4_80_28668_0.95_1,5,5,SATISFIABLE
sat_dimacs_4_80_29298_0.85_7,5,5,SATISFIABLE
sat_dimacs_4_80_29370_0.85_3,5,5,SATISFIABLE
sat_dimacs_4_80_30061_0.95_5,5,5,SATISFIABLE
sat_dimacs_4_80_31152_0.95_6,5,5,SATISFIABLE
sat_dimacs_4_80_31205_0.95_10,5,5,SATISFIABLE
sat_dimacs_4_80_32496_0.85_6,5,5,SATISFIABLE
sat_dimacs_4_80_3721_0.65_5,5,5,SATISFIABLE
sat_dimacs_4_80_4998_0.95_8,5,5,SATISFIABLE
sat_dimacs_4_80_5648_0.65_9,5,5,SATISFIABLE
sat_dimacs_4_80_7051_0.85_5,5,5,SATISFIABLE
sat_dimacs_4_80_8057_0.85_10,5,5,SATISFIABLE
sat_dimacs_4_80_8876_0.95_4,5,5,SATISFIABLE
sat_dimacs_5_100_12018_0.95_1,6,6,SATISFIABLE
sat_dimacs_5_100_13316_0.85_10,6,6,SATISFIABLE
sat_dimacs_5_100_16274_0.85_3,6,6,SATISFIABLE
sat_dimacs_5_100_17066_0.85_5,6,6,SATISFIABLE
sat_dimacs_5_100_18277_0.65_5,6,6,SATISFIABLE
sat_dimacs_5_100_19091_0.95_8,6,6,SATISFIABLE
sat_dimacs_5_100_19635_0.65_2,6,6,SATISFIABLE
sat_dimacs_5_100_20835_0.95_10,6,6,SATISFIABLE
sat_dimacs_5_100_21899_0.95_7,6,6,SATISFIABLE
sat_dimacs_5_100_22455_0.95_5,6,6,SATISFIABLE
sat_dimacs_5_100_24841_0.65_10,6,6,SATISFIABLE
sat_dimacs_5_100_24897_0.85_4,6,6,SATISFIABLE
sat_dimacs_5_100_27494_0.85_6,6,6,SATISFIABLE
sat_dimacs_5_100_26924_0.95_2,6,6,SATISFIABLE
sat_dimacs_5_100_28171_0.65_1,6,6,SATISFIABLE
sat_dimacs_5_100_28649_0.95_6,6,6,SATISFIABLE
sat_dimacs_5_100_28667_0.85_1,6,6,SATISFIABLE
sat_dimacs_5_100_2982_0.65_6,6,6,SATISFIABLE
sat_dimacs_5_100_30699_0.85_2,6,6,SATISFIABLE
sat_dimacs_5_100_3638_0.95_3,6,6,SATISFIABLE
sat_dimacs_5_100_335_0.85_8,6,6,SATISFIABLE
sat_dimacs_5_100_6327_0.95_4,6,6,SATISFIABLE
sat_dimacs_5_100_7553_0.65_8,6,6,SATISFIABLE
sat_dimacs_5_100_7773_0.85_9,6,6,SATISFIABLE
sat_dimacs_5_100_8981_0.85_7,6,6,SATISFIABLE
sat_dimacs_5_100_8745_0.95_9,6,6,SATISFIABLE
sat_dimacs_5_120_12497_0.65_8,6,6,SATISFIABLE
sat_dimacs_5_120_14424_0.95_10,6,6,SATISFIABLE
sat_dimacs_5_120_15600_0.95_2,6,6,SATISFIABLE
sat_dimacs_5_120_16683_0.65_9,6,6,SATISFIABLE
sat_dimacs_5_120_19483_0.85_5,6,6,SATISFIABLE
sat_dimacs_5_120_19861_0.65_2,6,6,SATISFIABLE
sat_dimacs_5_120_20699_0.65_4,6,7,SATISFIABLE
sat_dimacs_5_120_21027_0.85_3,6,6,SATISFIABLE
sat_dimacs_5_120_2204_0.85_8,6,6,SATISFIABLE
sat_dimacs_5_120_22252_0.85_6,6,6,SATISFIABLE
sat_dimacs_5_120_22892_0.95_3,6,6,SATISFIABLE
sat_dimacs_5_120_23273_0.85_2,6,6,SATISFIABLE
sat_dimacs_5_120_24317_0.85_7,6,6,SATISFIABLE
sat_dimacs_5_120_25001_0.95_8,6,6,SATISFIABLE
sat_dimacs_5_120_2699_0.65_10,6,6,SATISFIABLE
sat_dimacs_5_120_27683_0.85_9,6,6,SATISFIABLE
sat_dimacs_5_120_29436_0.95_9,6,6,SATISFIABLE
sat_dimacs_5_120_30650_0.95_5,6,6,SATISFIABLE
sat_dimacs_5_120_4104_0.85_10,6,6,SATISFIABLE
sat_dimacs_5_120_31039_0.85_1,6,6,SATISFIABLE
sat_dimacs_5_120_4237_0.95_7,6,6,SATISFIABLE
sat_dimacs_5_120_6609_0.95_6,6,6,SATISFIABLE
sat_dimacs_5_120_6844_0.95_4,6,6,SATISFIABLE
sat_dimacs_5_120_8017_0.95_1,6,6,SATISFIABLE
sat_dimacs_5_120_8216_0.85_4,6,6,SATISFIABLE
sat_dimacs_5_120_8388_0.65_5,6,6,SATISFIABLE
sat_dimacs_5_140_10641_0.65_10,6,6,SATISFIABLE
sat_dimacs_5_140_10543_0.95_5,6,6,SATISFIABLE
sat_dimacs_5_140_11632_0.95_1,6,6,SATISFIABLE
sat_dimacs_5_140_12787_0.85_5,6,6,SATISFIABLE
sat_dimacs_5_140_14101_0.85_2,6,6,SATISFIABLE
sat_dimacs_5_140_15531_0.85_1,6,6,SATISFIABLE
sat_dimacs_5_140_18239_0.65_4,6,6,SATISFIABLE
sat_dimacs_5_140_18519_0.65_6,6,6,SATISFIABLE
sat_dimacs_5_140_19436_0.65_3,6,6,SATISFIABLE
sat_dimacs_5_140_18559_0.85_7,6,6,SATISFIABLE
sat_dimacs_5_140_1952_0.95_10,6,6,SATISFIABLE
sat_dimacs_5_140_23637_0.85_8,6,6,SATISFIABLE
sat_dimacs_5_140_25044_0.65_2,6,6,SATISFIABLE
sat_dimacs_5_140_24645_0.95_4,6,6,SATISFIABLE
sat_dimacs_5_140_26805_0.85_3,6,6,SATISFIABLE
sat_dimacs_5_140_27109_0.95_8,6,6,SATISFIABLE
sat_dimacs_5_140_27546_0.95_2,6,6,SATISFIABLE
sat_dimacs_5_140_32130_0.95_9,6,6,SATISFIABLE
sat_dimacs_5_140_4586_0.95_7,6,6,SATISFIABLE
sat_dimacs_5_140_4723_0.95_3,6,6,SATISFIABLE
sat_dimacs_5_140_4776_0.65_9,7,6,SATISFIABLE
sat_dimacs_5_140_4745_0.95_6,6,6,SATISFIABLE
sat_dimacs_5_140_5125_0.85_10,6,6,SATISFIABLE
sat_dimacs_5_140_5747_0.85_9,6,6,SATISFIABLE
sat_dimacs_5_140_7155_0.85_6,6,6,SATISFIABLE
sat_dimacs_5_140_5929_0.85_4,6,6,SATISFIABLE
sat_dimacs_5_140_9249_0.65_8,6,6,SATISFIABLE
sat_dimacs_5_160_10399_0.95_4,6,6,SATISFIABLE
sat_dimacs_5_160_11396_0.65_4,6,6,SATISFIABLE
sat_dimacs_5_160_1154_0.65_1,6,6,SATISFIABLE
sat_dimacs_5_160_11633_0.85_6,6,6,SATISFIABLE
sat_dimacs_5_160_12272_0.85_3,6,6,SATISFIABLE
sat_dimacs_5_160_13362_0.65_7,6,6,SATISFIABLE
sat_dimacs_5_160_15646_0.85_2,6,6,SATISFIABLE
sat_dimacs_5_160_1661_0.85_8,6,6,SATISFIABLE
sat_dimacs_5_160_17856_0.65_2,6,6,SATISFIABLE
sat_dimacs_5_160_19588_0.85_5,6,6,SATISFIABLE
sat_dimacs_5_160_22408_0.85_9,6,6,SATISFIABLE
sat_dimacs_5_160_21106_0.85_10,6,6,SATISFIABLE
sat_dimacs_5_160_22428_0.95_2,6,6,SATISFIABLE
sat_dimacs_5_160_24816_0.95_6,6,6,SATISFIABLE
sat_dimacs_5_160_25480_0.95_10,6,6,SATISFIABLE
sat_dimacs_5_160_25876_0.95_8,6,6,SATISFIABLE
sat_dimacs_5_160_26463_0.95_7,6,6,SATISFIABLE
sat_dimacs_5_160_28074_0.65_9,7,7,SATISFIABLE
sat_dimacs_5_160_28249_0.85_1,6,6,SATISFIABLE
sat_dimacs_5_160_29013_0.95_1,6,6,SATISFIABLE
sat_dimacs_5_160_2981_0.85_4,6,6,SATISFIABLE
sat_dimacs_5_160_3112_0.65_10,6,6,SATISFIABLE
sat_dimacs_5_160_4431_0.95_3,6,6,SATISFIABLE
sat_dimacs_5_160_8970_0.85_7,6,6,SATISFIABLE
sat_dimacs_5_160_9332_0.95_5,6,6,SATISFIABLE
sat_dimacs_5_180_10036_0.85_9,6,6,SATISFIABLE
sat_dimacs_5_180_1019_0.85_10,6,6,SATISFIABLE
sat_dimacs_5_180_11102_0.85_6,6,6,SATISFIABLE
sat_dimacs_5_180_13229_0.95_10,6,6,SATISFIABLE
sat_dimacs_5_180_12417_0.95_9,6,6,SATISFIABLE
sat_dimacs_5_180_17414_0.95_8,6,6,SATISFIABLE
sat_dimacs_5_180_18009_0.85_5,6,6,SATISFIABLE
sat_dimacs_5_180_20980_0.85_1,6,6,SATISFIABLE
sat_dimacs_5_180_18631_0.95_7,6,6,SATISFIABLE
sat_dimacs_5_180_21134_0.65_8,6,6,SATISFIABLE
sat_dimacs_5_180_2295_0.65_2,7,7,SATISFIABLE
sat_dimacs_5_180_23410_0.85_4,6,6,SATISFIABLE
sat_dimacs_5_180_26762_0.85_7,6,6,SATISFIABLE
sat_dimacs_5_180_3094_0.95_2,6,6,SATISFIABLE
sat_dimacs_5_180_3191_0.65_9,6,6,SATISFIABLE
sat_dimacs_5_180_348_0.95_1,6,6,SATISFIABLE
sat_dimacs_5_180_3477_0.85_3,6,6,SATISFIABLE
sat_dimacs_5_180_3853_0.95_6,6,6,SATISFIABLE
sat_dimacs_5_180_475_0.95_5,6,6,SATISFIABLE
sat_dimacs_5_180_641_0.85_8,6,6,SATISFIABLE
sat_dimacs_5_180_6964_0.95_3,6,6,SATISFIABLE
sat_dimacs_5_180_7201_0.85_2,6,6,SATISFIABLE
sat_dimacs_5_180_8403_0.65_6,6,6,SATISFIABLE
sat_dimacs_5_180_9039_0.65_7,6,6,SATISFIABLE
sat_dimacs_5_180_9958_0.95_4,6,6,SATISFIABLE
sat_dimacs_5_200_10026_0.85_8,6,6,SATISFIABLE
sat_dimacs_5_200_12882_0.95_2,6,6,SATISFIABLE
sat_dimacs_5_200_13439_0.65_6,6,6,SATISFIABLE
sat_dimacs_5_200_19692_0.85_10,6,6,SATISFIABLE
sat_dimacs_5_200_21284_0.65_4,6,6,SATISFIABLE
sat_dimacs_5_200_21290_0.95_3,6,6,SATISFIABLE
sat_dimacs_5_200_21363_0.95_9,6,6,SATISFIABLE
sat_dimacs_5_200_2286_0.65_8,7,7,SATISFIABLE
sat_dimacs_5_200_23449_0.85_5,6,6,SATISFIABLE
sat_dimacs_5_200_23627_0.85_6,6,6,SATISFIABLE
sat_dimacs_5_200_23681_0.95_8,6,6,SATISFIABLE
sat_dimacs_5_200_24022_0.95_5,6,6,SATISFIABLE
sat_dimacs_5_200_25033_0.95_6,6,6,SATISFIABLE
sat_dimacs_5_200_25994_0.95_10,6,6,SATISFIABLE
sat_dimacs_5_200_29093_0.85_7,6,6,SATISFIABLE
sat_dimacs_5_200_29643_0.85_4,6,6,SATISFIABLE
sat_dimacs_5_200_29733_0.65_1,6,6,SATISFIABLE
sat_dimacs_5_200_29913_0.85_3,6,6,SATISFIABLE
sat_dimacs_5_200_30260_0.65_2,6,6,SATISFIABLE
sat_dimacs_5_200_3607_0.85_9,6,6,SATISFIABLE
sat_dimacs_5_200_5550_0.85_2,6,6,SATISFIABLE
sat_dimacs_5_200_7042_0.85_1,6,6,SATISFIABLE
sat_dimacs_5_220_10651_0.95_1,6,6,SATISFIABLE
sat_dimacs_5_220_10945_0.85_9,6,6,SATISFIABLE
sat_dimacs_5_220_11083_0.95_4,6,6,SATISFIABLE
sat_dimacs_5_220_11665_0.65_2,6,6,SATISFIABLE
sat_dimacs_5_220_11958_0.95_8,6,6,SATISFIABLE
sat_dimacs_5_220_15715_0.85_6,6,6,SATISFIABLE
sat_dimacs_5_220_17662_0.65_1,6,6,SATISFIABLE
sat_dimacs_5_220_17733_0.85_3,6,6,SATISFIABLE
sat_dimacs_5_220_26848_0.85_1,6,6,SATISFIABLE
sat_dimacs_5_220_28049_0.95_6,6,6,SATISFIABLE
sat_dimacs_5_220_29323_0.95_10,6,6,SATISFIABLE
sat_dimacs_5_220_30878_0.85_4,6,6,SATISFIABLE
sat_dimacs_5_220_31764_0.85_8,6,6,SATISFIABLE
sat_dimacs_5_220_32390_0.65_4,6,6,SATISFIABLE
sat_dimacs_5_220_31964_0.85_7,6,6,SATISFIABLE
sat_dimacs_5_220_32765_0.65_10,6,6,SATISFIABLE
sat_dimacs_5_220_447_0.95_9,6,6,SATISFIABLE
sat_dimacs_5_220_7684_0.85_2,6,6,SATISFIABLE
sat_dimacs_5_220_7592_0.95_2,6,6,SATISFIABLE
sat_dimacs_5_220_8379_0.85_10,6,6,SATISFIABLE
sat_dimacs_5_220_8500_0.95_7,6,6,SATISFIABLE
sat_dimacs_5_220_8694_0.95_5,6,6,SATISFIABLE
sat_dimacs_5_220_9962_0.95_3,6,6,SATISFIABLE
sat_dimacs_5_240_11680_0.65_9,7,7,SATISFIABLE
sat_dimacs_5_240_11891_0.85_8,6,6,SATISFIABLE
sat_dimacs_5_240_12081_0.65_6,7,7,SATISFIABLE
sat_dimacs_5_240_15863_0.85_2,6,6,SATISFIABLE
sat_dimacs_5_240_15971_0.85_6,6,6,SATISFIABLE
sat_dimacs_5_240_17381_0.65_1,6,6,SATISFIABLE
sat_dimacs_5_240_17865_0.95_8,6,6,SATISFIABLE
sat_dimacs_5_240_20174_0.95_2,6,6,SATISFIABLE
sat_dimacs_5_240_20766_0.85_3,6,6,SATISFIABLE
sat_dimacs_5_240_24518_0.95_9,6,6,SATISFIABLE
sat_dimacs_5_240_24706_0.95_10,6,6,SATISFIABLE
sat_dimacs_5_240_25029_0.85_10,6,6,SATISFIABLE
sat_dimacs_5_240_25841_0.85_5,6,6,SATISFIABLE
sat_dimacs_5_240_25873_0.85_4,6,6,SATISFIABLE
sat_dimacs_5_240_26516_0.95_3,6,6,SATISFIABLE
sat_dimacs_5_240_28047_0.95_4,6,6,SATISFIABLE
sat_dimacs_5_240_3411_0.65_10,6,6,SATISFIABLE
sat_dimacs_5_240_29818_0.95_6,6,6,SATISFIABLE
sat_dimacs_5_240_8729_0.85_9,6,6,SATISFIABLE
sat_dimacs_5_240_7395_0.85_1,6,6,SATISFIABLE
sat_dimacs_5_260_11695_0.85_10,6,6,SATISFIABLE
sat_dimacs_5_240_9178_0.95_5,6,6,SATISFIABLE
sat_dimacs_5_260_13485_0.95_9,6,6,SATISFIABLE
sat_dimacs_5_260_1512_0.95_2,6,6,SATISFIABLE
sat_dimacs_5_260_13276_0.95_7,6,6,SATISFIABLE
sat_dimacs_5_260_17022_0.65_6,7,7,SATISFIABLE
sat_dimacs_5_260_17876_0.85_3,6,6,SATISFIABLE
sat_dimacs_5_260_1825_0.95_6,6,6,SATISFIABLE
sat_dimacs_5_260_20804_0.85_7,6,6,SATISFIABLE
sat_dimacs_5_260_23127_0.85_5,6,6,SATISFIABLE
sat_dimacs_5_260_24256_0.85_2,6,6,SATISFIABLE
sat_dimacs_5_260_24745_0.85_6,6,6,SATISFIABLE
sat_dimacs_5_260_25565_0.65_8,7,7,SATISFIABLE
sat_dimacs_5_260_26303_0.85_1,6,6,SATISFIABLE
sat_dimacs_5_260_26989_0.95_8,6,6,SATISFIABLE
sat_dimacs_5_260_27991_0.85_9,7,7,SATISFIABLE
sat_dimacs_5_260_29230_0.85_8,6,6,SATISFIABLE
sat_dimacs_5_260_29724_0.95_3,6,6,SATISFIABLE
sat_dimacs_5_260_5623_0.85_4,6,6,SATISFIABLE
sat_dimacs_5_260_7102_0.65_1,7,7,SATISFIABLE
sat_dimacs_5_260_5550_0.95_10,6,6,SATISFIABLE
sat_dimacs_5_280_14391_0.85_4,6,6,SATISFIABLE
sat_dimacs_5_280_16852_0.85_9,6,6,SATISFIABLE
sat_dimacs_5_280_17179_0.95_6,6,6,SATISFIABLE
sat_dimacs_5_280_19043_0.65_6,7,7,SATISFIABLE
sat_dimacs_5_280_1921_0.85_7,6,6,SATISFIABLE
sat_dimacs_5_280_1929_0.95_2,6,6,SATISFIABLE
sat_dimacs_5_280_21930_0.65_3,7,7,SATISFIABLE
sat_dimacs_5_280_22387_0.85_2,6,6,SATISFIABLE
sat_dimacs_5_280_22682_0.95_7,6,6,SATISFIABLE
sat_dimacs_5_280_24240_0.95_3,6,6,SATISFIABLE
sat_dimacs_5_280_24494_0.85_8,6,6,SATISFIABLE
sat_dimacs_5_280_24770_0.95_9,6,6,SATISFIABLE
sat_dimacs_5_280_28528_0.85_5,6,6,SATISFIABLE
sat_dimacs_5_280_29925_0.95_5,6,6,SATISFIABLE
sat_dimacs_5_280_31832_0.65_8,6,6,SATISFIABLE
sat_dimacs_5_280_31609_0.85_6,6,6,SATISFIABLE
sat_dimacs_5_280_4168_0.85_10,6,6,SATISFIABLE
sat_dimacs_5_280_5343_0.95_10,6,6,SATISFIABLE
sat_dimacs_5_280_6436_0.85_1,6,6,SATISFIABLE
sat_dimacs_5_280_5723_0.95_1,6,6,SATISFIABLE
sat_dimacs_5_280_6655_0.95_4,6,6,SATISFIABLE
sat_dimacs_5_280_7233_0.85_3,6,6,SATISFIABLE
sat_dimacs_5_280_8474_0.95_8,6,6,SATISFIABLE
sat_dimacs_5_300_11812_0.95_9,6,6,SATISFIABLE
sat_dimacs_5_300_12325_0.85_4,6,6,SATISFIABLE
sat_dimacs_5_300_1255_0.65_3,7,7,SATISFIABLE
sat_dimacs_5_300_15695_0.95_6,6,6,SATISFIABLE
sat_dimacs_5_300_18746_0.95_8,6,6,SATISFIABLE
sat_dimacs_5_300_20245_0.95_7,6,6,SATISFIABLE
sat_dimacs_5_300_22047_0.85_6,6,6,SATISFIABLE
sat_dimacs_5_300_21521_0.95_1,6,6,SATISFIABLE
sat_dimacs_5_300_23007_0.85_1,6,6,SATISFIABLE
sat_dimacs_5_300_2368_0.95_4,6,6,SATISFIABLE
sat_dimacs_5_300_24084_0.85_3,6,6,SATISFIABLE
sat_dimacs_5_300_24937_0.85_7,6,6,SATISFIABLE
sat_dimacs_5_300_25207_0.65_6,6,6,SATISFIABLE
sat_dimacs_5_300_27047_0.85_8,6,6,SATISFIABLE
sat_dimacs_5_300_29091_0.85_2,6,6,SATISFIABLE
sat_dimacs_5_300_3569_0.85_9,6,6,SATISFIABLE
sat_dimacs_5_300_3968_0.85_10,6,6,SATISFIABLE
sat_dimacs_5_300_4845_0.85_5,6,6,SATISFIABLE
sat_dimacs_5_300_5837_0.95_3,6,6,SATISFIABLE
sat_dimacs_5_300_6713_0.95_10,6,6,SATISFIABLE
sat_dimacs_5_320_10392_0.85_6,6,6,SATISFIABLE
sat_dimacs_5_320_12821_0.85_7,6,6,SATISFIABLE
sat_dimacs_5_320_12917_0.65_6,7,7,SATISFIABLE
sat_dimacs_5_320_13462_0.85_5,6,6,SATISFIABLE
sat_dimacs_5_320_16265_0.85_3,6,6,SATISFIABLE
sat_dimacs_5_320_17023_0.95_9,6,6,SATISFIABLE
sat_dimacs_5_320_1713_0.95_1,6,6,SATISFIABLE
sat_dimacs_5_320_17806_0.95_8,6,6,SATISFIABLE
sat_dimacs_5_320_2188_0.95_7,6,6,SATISFIABLE
sat_dimacs_5_320_21947_0.85_1,6,6,SATISFIABLE
sat_dimacs_5_320_22998_0.95_10,6,6,SATISFIABLE
sat_dimacs_5_320_24562_0.95_5,6,6,SATISFIABLE
sat_dimacs_5_320_25832_0.95_6,6,6,SATISFIABLE
sat_dimacs_5_320_30537_0.85_4,6,6,SATISFIABLE
sat_dimacs_5_320_27946_0.85_10,6,6,SATISFIABLE
sat_dimacs_5_320_4314_0.65_3,7,7,SATISFIABLE
sat_dimacs_5_320_3802_0.95_4,6,6,SATISFIABLE
sat_dimacs_5_320_7441_0.85_9,6,6,SATISFIABLE
sat_dimacs_5_320_6878_0.95_2,6,6,SATISFIABLE
sat_dimacs_5_320_8627_0.85_2,6,6,SATISFIABLE
sat_dimacs_5_320_9377_0.85_8,6,6,SATISFIABLE
sat_dimacs_5_320_9554_0.65_10,7,7,SATISFIABLE
sat_dimacs_5_320_9837_0.95_3,6,6,SATISFIABLE
sat_dimacs_5_340_10035_0.85_6,6,6,SATISFIABLE
sat_dimacs_5_340_13562_0.85_7,6,6,SATISFIABLE
sat_dimacs_5_340_14036_0.85_2,6,6,SATISFIABLE
sat_dimacs_5_340_1520_0.95_7,6,6,SATISFIABLE
sat_dimacs_5_340_18431_0.95_6,6,6,SATISFIABLE
sat_dimacs_5_340_17615_0.95_5,6,6,SATISFIABLE
sat_dimacs_5_340_19009_0.85_5,6,6,SATISFIABLE
sat_dimacs_5_340_19181_0.85_3,6,6,SATISFIABLE
sat_dimacs_5_340_19807_0.85_10,6,6,SATISFIABLE
sat_dimacs_5_340_20255_0.95_4,6,6,SATISFIABLE
sat_dimacs_5_340_19871_0.95_9,6,6,SATISFIABLE
sat_dimacs_5_340_22089_0.95_2,6,6,SATISFIABLE
sat_dimacs_5_340_22618_0.95_10,6,6,SATISFIABLE
sat_dimacs_5_340_25192_0.85_4,6,6,SATISFIABLE
sat_dimacs_5_340_24471_0.95_1,6,6,SATISFIABLE
sat_dimacs_5_340_26513_0.85_8,6,6,SATISFIABLE
sat_dimacs_5_340_4329_0.95_3,6,6,SATISFIABLE
sat_dimacs_5_340_9241_0.85_1,6,6,SATISFIABLE
sat_dimacs_5_340_9932_0.85_9,6,6,SATISFIABLE
sat_dimacs_5_360_15918_0.85_6,6,6,SATISFIABLE
sat_dimacs_5_360_18456_0.85_5,6,6,SATISFIABLE
sat_dimacs_5_360_20635_0.85_2,6,6,SATISFIABLE
sat_dimacs_5_360_18784_0.85_8,6,6,SATISFIABLE
sat_dimacs_5_360_22494_0.95_4,6,6,SATISFIABLE
sat_dimacs_5_360_2251_0.85_10,6,6,SATISFIABLE
sat_dimacs_5_360_26051_0.95_10,6,6,SATISFIABLE
sat_dimacs_5_360_27577_0.85_9,6,6,SATISFIABLE
sat_dimacs_5_360_26957_0.95_7,6,6,SATISFIABLE
sat_dimacs_5_360_29454_0.95_1,6,6,SATISFIABLE
sat_dimacs_5_360_2969_0.85_4,6,6,SATISFIABLE
sat_dimacs_5_360_2963_0.95_5,6,6,SATISFIABLE
sat_dimacs_5_360_394_0.85_7,6,6,SATISFIABLE
sat_dimacs_5_360_4342_0.65_9,6,6,SATISFIABLE
sat_dimacs_5_360_5458_0.95_6,6,6,SATISFIABLE
sat_dimacs_5_360_8029_0.95_3,6,6,SATISFIABLE
sat_dimacs_5_360_9648_0.85_3,6,6,SATISFIABLE
sat_dimacs_5_380_13499_0.85_3,6,6,SATISFIABLE
sat_dimacs_5_380_14074_0.95_5,6,6,SATISFIABLE
sat_dimacs_5_380_16959_0.95_3,6,6,SATISFIABLE
sat_dimacs_5_380_1843_0.65_8,7,7,SATISFIABLE
sat_dimacs_5_380_20537_0.65_7,7,7,SATISFIABLE
sat_dimacs_5_380_19938_0.95_1,6,6,SATISFIABLE
sat_dimacs_5_380_245_0.95_6,6,6,SATISFIABLE
sat_dimacs_5_380_25380_0.85_6,6,6,SATISFIABLE
sat_dimacs_5_380_27653_0.95_10,6,6,SATISFIABLE
sat_dimacs_5_380_28067_0.95_4,6,6,SATISFIABLE
sat_dimacs_5_380_2782_0.85_10,6,6,SATISFIABLE
sat_dimacs_5_380_3052_0.85_1,6,7,SATISFIABLE
sat_dimacs_5_380_31438_0.85_7,6,6,SATISFIABLE
sat_dimacs_5_380_31759_0.95_7,6,6,SATISFIABLE
sat_dimacs_5_380_32622_0.85_5,6,6,SATISFIABLE
sat_dimacs_5_380_3293_0.85_2,6,6,SATISFIABLE
sat_dimacs_5_380_3998_0.85_4,6,6,SATISFIABLE
sat_dimacs_5_380_4148_0.95_8,6,6,SATISFIABLE
sat_dimacs_5_380_6811_0.85_9,6,6,SATISFIABLE
sat_dimacs_5_400_11759_0.95_4,6,6,SATISFIABLE
sat_dimacs_5_400_14482_0.95_8,6,6,SATISFIABLE
sat_dimacs_5_400_18260_0.85_5,6,6,SATISFIABLE
sat_dimacs_5_400_20505_0.65_1,7,7,SATISFIABLE
sat_dimacs_5_400_18877_0.85_2,6,6,SATISFIABLE
sat_dimacs_5_400_218_0.95_6,6,6,SATISFIABLE
sat_dimacs_5_400_27895_0.85_10,6,6,SATISFIABLE
sat_dimacs_5_400_27310_0.95_10,6,6,SATISFIABLE
sat_dimacs_5_400_27987_0.85_8,6,6,SATISFIABLE
sat_dimacs_5_400_28096_0.85_3,6,6,SATISFIABLE
sat_dimacs_5_400_30233_0.95_5,6,6,SATISFIABLE
sat_dimacs_5_400_29200_0.95_2,6,6,SATISFIABLE
sat_dimacs_5_400_4172_0.85_6,6,6,SATISFIABLE
sat_dimacs_5_400_5130_0.85_4,6,6,SATISFIABLE
sat_dimacs_5_400_5306_0.85_9,6,6,SATISFIABLE
sat_dimacs_5_400_5575_0.85_7,6,6,SATISFIABLE
sat_dimacs_5_40_1050_0.85_8,6,6,SATISFIABLE
sat_dimacs_5_400_6633_0.85_1,6,6,SATISFIABLE
sat_dimacs_5_40_13736_0.65_7,6,6,SATISFIABLE
sat_dimacs_5_400_9210_0.65_10,7,7,SATISFIABLE
sat_dimacs_5_40_1149_0.95_1,6,6,SATISFIABLE
sat_dimacs_5_40_138_0.85_4,6,6,SATISFIABLE
sat_dimacs_5_40_14132_0.85_7,6,6,SATISFIABLE
sat_dimacs_5_40_14329_0.65_3,6,6,SATISFIABLE
sat_dimacs_5_40_15797_0.65_1,6,6,SATISFIABLE
sat_dimacs_5_40_1710_0.95_5,6,6,SATISFIABLE
sat_dimacs_5_40_1711_0.85_2,6,6,SATISFIABLE
sat_dimacs_5_40_19258_0.95_6,6,6,SATISFIABLE
sat_dimacs_5_40_17195_0.95_10,6,6,SATISFIABLE
sat_dimacs_5_40_17501_0.95_8,6,6,SATISFIABLE
sat_dimacs_5_40_2236_0.95_7,6,6,SATISFIABLE
sat_dimacs_5_40_23905_0.85_6,6,6,SATISFIABLE
sat_dimacs_5_40_24518_0.65_9,6,6,SATISFIABLE
sat_dimacs_5_40_26491_0.85_1,6,6,SATISFIABLE
sat_dimacs_5_40_29674_0.45_5,6,6,SATISFIABLE
sat_dimacs_5_40_30520_0.65_6,6,6,SATISFIABLE
sat_dimacs_5_40_308_0.65_2,6,7,SATISFIABLE
sat_dimacs_5_40_31277_0.65_4,6,6,SATISFIABLE
sat_dimacs_5_40_31483_0.95_9,6,6,SATISFIABLE
sat_dimacs_5_40_31810_0.65_5,6,6,SATISFIABLE
sat_dimacs_5_40_32743_0.65_8,6,6,SATISFIABLE
sat_dimacs_5_40_31995_0.95_2,6,6,SATISFIABLE
sat_dimacs_5_40_334_0.85_3,6,6,SATISFIABLE
sat_dimacs_5_40_3973_0.85_9,6,6,SATISFIABLE
sat_dimacs_5_40_4319_0.85_5,6,6,SATISFIABLE
sat_dimacs_5_40_849_0.85_10,6,6,SATISFIABLE
sat_dimacs_5_40_8504_0.95_4,6,6,SATISFIABLE
sat_dimacs_5_60_10336_0.95_2,6,6,SATISFIABLE
sat_dimacs_5_60_11052_0.95_1,6,6,SATISFIABLE
sat_dimacs_5_60_122_0.65_8,6,6,SATISFIABLE
sat_dimacs_5_60_13859_0.95_7,6,6,SATISFIABLE
sat_dimacs_5_60_16738_0.85_8,6,6,SATISFIABLE
sat_dimacs_5_60_17358_0.65_1,6,6,SATISFIABLE
sat_dimacs_5_60_14032_0.85_1,6,6,SATISFIABLE
sat_dimacs_5_60_18127_0.65_4,6,6,SATISFIABLE
sat_dimacs_5_60_22356_0.85_2,6,6,SATISFIABLE
sat_dimacs_5_60_22837_0.95_5,6,6,SATISFIABLE
sat_dimacs_5_60_23683_0.85_7,6,6,SATISFIABLE
sat_dimacs_5_60_23921_0.95_9,6,6,SATISFIABLE
sat_dimacs_5_60_25664_0.65_7,6,6,SATISFIABLE
sat_dimacs_5_60_24580_0.85_9,6,6,SATISFIABLE
sat_dimacs_5_60_25871_0.85_4,6,6,SATISFIABLE
sat_dimacs_5_60_26618_0.85_5,6,6,SATISFIABLE
sat_dimacs_5_60_27297_0.95_10,6,6,SATISFIABLE
sat_dimacs_5_60_27399_0.65_10,6,6,SATISFIABLE
sat_dimacs_5_60_28062_0.85_3,6,6,SATISFIABLE
sat_dimacs_5_60_27330_0.95_6,6,6,SATISFIABLE
sat_dimacs_5_60_28896_0.95_8,6,6,SATISFIABLE
sat_dimacs_5_60_30116_0.85_10,6,6,SATISFIABLE
sat_dimacs_5_60_30721_0.85_6,6,6,SATISFIABLE
sat_dimacs_5_60_5416_0.65_5,6,6,SATISFIABLE
sat_dimacs_5_60_6729_0.65_9,6,6,SATISFIABLE
sat_dimacs_5_80_11183_0.65_3,6,6,SATISFIABLE
sat_dimacs_5_80_11211_0.95_9,6,6,SATISFIABLE
sat_dimacs_5_80_14833_0.85_7,6,6,SATISFIABLE
sat_dimacs_5_80_16418_0.65_6,6,6,SATISFIABLE
sat_dimacs_5_80_17408_0.85_6,6,6,SATISFIABLE
sat_dimacs_5_80_20077_0.95_2,6,6,SATISFIABLE
sat_dimacs_5_80_20441_0.65_8,6,6,SATISFIABLE
sat_dimacs_5_80_20369_0.85_10,6,6,SATISFIABLE
sat_dimacs_5_80_24901_0.95_10,6,6,SATISFIABLE
sat_dimacs_5_80_24998_0.85_1,6,6,SATISFIABLE
sat_dimacs_5_80_25078_0.85_3,6,6,SATISFIABLE
sat_dimacs_5_80_25279_0.65_2,6,6,SATISFIABLE
sat_dimacs_5_80_278_0.95_7,6,6,SATISFIABLE
sat_dimacs_5_80_28791_0.95_1,6,6,SATISFIABLE
sat_dimacs_5_80_29134_0.95_5,6,6,SATISFIABLE
sat_dimacs_5_80_31836_0.95_8,6,6,SATISFIABLE
sat_dimacs_5_80_5022_0.85_4,6,6,SATISFIABLE
sat_dimacs_5_80_5820_0.65_7,6,6,SATISFIABLE
sat_dimacs_5_80_6495_0.85_9,6,6,SATISFIABLE
sat_dimacs_5_80_6791_0.85_5,6,6,SATISFIABLE
sat_dimacs_5_80_8661_0.95_4,6,6,SATISFIABLE
sat_dimacs_5_80_9607_0.85_8,6,6,SATISFIABLE
sat_dimacs_5_80_7467_0.95_3,6,6,SATISFIABLE
tire-1,38,41,SATISFIABLE
aloul-chnl11-13,91,14,TIMEOUT
contest03-hwb-n26-01-S1957858365.sat05-500.reshuffled-07,36,37,TIMEOUT
counting-easier-php-012-010.sat05-1172.reshuffled-07,76,13,TIMEOUT
counting-easier-php-018-014.sat05-1175.reshuffled-07,164,19,TIMEOUT
counting-harder-php-014-013.sat05-1187.reshuffled-07,118,15,TIMEOUT
counting-harder-php-018-017.sat05-1189.reshuffled-07,196,19,TIMEOUT
easier-php-035-029.sat05-1179.reshuffled-07,655,36,TIMEOUT
hgen8-n260-03-S722413478.sat05-482.reshuffled-07,47,29,TIMEOUT
hgen8-n260-03-S722413478.shuffled-as.sat05-482,48,29,TIMEOUT
hwb-n26-01-S1957858365.shuffled-as.sat05-500,36,36,TIMEOUT
hwb-n26-02-S1189729474.shuffled-as.sat05-489,35,35,TIMEOUT
hwb-n26-03-S540351185.sat05-490.reshuffled-07,36,36,TIMEOUT
hwb-n26-03-S540351185.shuffled-as.sat05-490,36,36,TIMEOUT
hwb-n28-01-S136611085.sat05-491.reshuffled-07,39,41,TIMEOUT
hwb-n28-01-S136611085.shuffled-as.sat03-1627,41,39,TIMEOUT
hwb-n28-01-S136611085.shuffled-as.sat05-491,40,40,TIMEOUT
hwb-n28-02-S818962541.sat05-492.reshuffled-07,40,40,TIMEOUT
hwb-n28-02-S818962541.shuffled-as.sat03-1628,40,41,TIMEOUT
hwb-n28-02-S818962541.shuffled-as.sat05-492,40,39,TIMEOUT
hwb-n28-03-S1967922763.shuffled-as.sat05-493,40,39,TIMEOUT
par32-2-c,40,42,TIMEOUT
par32-3-c,40,40,TIMEOUT
par32-4-c,40,40,TIMEOUT
php-035-034.shuffled-as.sat05-1193,760,36,TIMEOUT
pmg-11-UNSAT.sat05-3939.reshuffled-07,37,35,TIMEOUT
pmg-11-UNSAT.shuffled-as.sat05-3939,36,35,TIMEOUT
dubois100,4,4,UNKNOWN
5cnf_3500_3500_30f1.shuffled,30,30,UNSATISFIABLE
aim-100-1_6-no-1,39,39,UNSATISFIABLE
aim-100-1_6-no-2,38,38,UNSATISFIABLE
aim-100-1_6-no-3,41,38,UNSATISFIABLE
aim-100-1_6-no-4,38,39,UNSATISFIABLE
aim-50-1_6-no-1,18,17,UNSATISFIABLE
aim-50-1_6-no-2,19,19,UNSATISFIABLE
aim-50-1_6-no-3,19,19,UNSATISFIABLE
aim-50-1_6-no-4,21,21,UNSATISFIABLE
aim-50-2_0-no-1,27,27,UNSATISFIABLE
aim-50-2_0-no-2,27,27,UNSATISFIABLE
aim-50-2_0-no-3,27,27,UNSATISFIABLE
aim-50-2_0-no-4,23,23,UNSATISFIABLE
battleship-5-8-unsat,36,36,UNSATISFIABLE
cmu-bmc-barrel6,253,39,UNSATISFIABLE
crn_11_99_u,15,15,UNSATISFIABLE
dubois20,4,4,UNSATISFIABLE
dubois22,4,4,UNSATISFIABLE
dubois24,4,4,UNSATISFIABLE
dubois26,4,4,UNSATISFIABLE
dubois28,4,4,UNSATISFIABLE
dubois30,4,4,UNSATISFIABLE
dubois50,4,4,UNSATISFIABLE
dubois21,4,4,UNSATISFIABLE
dubois23,4,4,UNSATISFIABLE
dubois25,4,4,UNSATISFIABLE
dubois29,4,4,UNSATISFIABLE
dubois27,4,4,UNSATISFIABLE
harder-php-025-024.sat05-1191.reshuffled-07,372,26,UNSATISFIABLE
hgen8-n260-01-S1597732451.shuffled-as.sat05-480,51,30,UNSATISFIABLE
hgen8-n260-02-S1396509323.shuffled-as.sat05-481,46,29,UNSATISFIABLE
hgen8-n320-01-S1432474240.sat05-483.reshuffled-07,62,38,UNSATISFIABLE
hgen8-n320-01-S1432474240.shuffled-as.sat03-890.used-as.sat04-841,60,38,UNSATISFIABLE
hgen8-n320-01-S1432474240.shuffled-as.sat05-483,63,38,UNSATISFIABLE
hgen8-n320-02-S1127428711.sat05-484.reshuffled-07,57,39,UNSATISFIABLE
hgen8-n320-02-S1127428711.shuffled-as.sat05-484,58,39,UNSATISFIABLE
hgen8-n320-03-S1572374531.sat05-485.reshuffled-07,62,36,UNSATISFIABLE
hgen8-n320-03-S1572374531.shuffled-as.sat05-485,64,36,UNSATISFIABLE
hole10,70,12,UNSATISFIABLE
hole6,27,8,UNSATISFIABLE
hole7,36,9,UNSATISFIABLE
hole8,46,10,UNSATISFIABLE
hole9,58,11,UNSATISFIABLE
homer14.shuffled,98,16,UNSATISFIABLE
homer16.shuffled,82,13,UNSATISFIABLE
homer17.shuffled,91,14,UNSATISFIABLE
instance_n2_i2_pp,3,4,UNSATISFIABLE
instance_n2_i3_pp,4,4,UNSATISFIABLE
instance_n3_i4_pp_ci_ce,37,41,UNSATISFIABLE
linvrinv2.shuffled-as.sat05-561,10,9,UNSATISFIABLE
linvrinv3.shuffled-as.sat05-562,23,19,UNSATISFIABLE
linvrinv4.shuffled-as.sat05-563,39,33,UNSATISFIABLE
marg3x3add8.shuffled-as.sat03-1449,12,12,UNSATISFIABLE
marg3x3add8ch.shuffled-as.sat03-1448,15,15,UNSATISFIABLE
mod2-3cage-unsat-10-1.shuffled-as.sat05-2573,24,24,UNSATISFIABLE
mod2-3cage-unsat-10-2.shuffled-as.sat05-2574,24,25,UNSATISFIABLE
mod2-3cage-unsat-10-3.shuffled-as.sat05-2575,25,24,UNSATISFIABLE
mod2-3cage-unsat-11.shuffled-as.sat05-2572,34,36,UNSATISFIABLE
mod2-3cage-unsat-9-1.shuffled-as.sat05-2576,21,20,UNSATISFIABLE
mod2-3cage-unsat-9-10.shuffled-as.sat05-2585,21,21,UNSATISFIABLE
mod2-3cage-unsat-9-11.shuffled-as.sat05-2586,21,21,UNSATISFIABLE
mod2-3cage-unsat-9-12.sat05-2587.reshuffled-07,19,20,UNSATISFIABLE
mod2-3cage-unsat-9-12.shuffled-as.sat05-2587,20,20,UNSATISFIABLE
mod2-3cage-unsat-9-13.shuffled-as.sat05-2588,20,20,UNSATISFIABLE
mod2-3cage-unsat-9-14.sat05-2589.reshuffled-07,19,20,UNSATISFIABLE
mod2-3cage-unsat-9-14.shuffled-as.sat05-2589,20,21,UNSATISFIABLE
mod2-3cage-unsat-9-15.shuffled-as.sat05-2590,21,20,UNSATISFIABLE
mod2-3cage-unsat-9-16.shuffled-as.sat05-2591,21,20,UNSATISFIABLE
mod2-3cage-unsat-9-17.shuffled-as.sat05-2592,21,21,UNSATISFIABLE
mod2-3cage-unsat-9-18.shuffled-as.sat05-2593,21,20,UNSATISFIABLE
mod2-3cage-unsat-9-2.shuffled-as.sat05-2577,20,20,UNSATISFIABLE
mod2-3cage-unsat-9-3.shuffled-as.sat05-2578,21,21,UNSATISFIABLE
mod2-3cage-unsat-9-4.shuffled-as.sat05-2579,20,21,UNSATISFIABLE
mod2-3cage-unsat-9-5.shuffled-as.sat05-2580,21,21,UNSATISFIABLE
mod2-3cage-unsat-9-6.shuffled-as.sat05-2581,21,20,UNSATISFIABLE
mod2-3cage-unsat-9-7.shuffled-as.sat05-2582,20,20,UNSATISFIABLE
mod2-3cage-unsat-9-8.shuffled-as.sat05-2583,20,21,UNSATISFIABLE
mod2-3cage-unsat-9-9.shuffled-as.sat05-2584,21,21,UNSATISFIABLE
mod2-rand3bip-unsat-105-1.shuffled-as.sat05-2609,14,15,UNSATISFIABLE
mod2-rand3bip-unsat-105-2.shuffled-as.sat05-2610,17,17,UNSATISFIABLE
mod2-rand3bip-unsat-105-3.shuffled-as.sat05-2611,19,18,UNSATISFIABLE
mod2-rand3bip-unsat-120-1.shuffled-as.sat05-2624,21,19,UNSATISFIABLE
mod2-rand3bip-unsat-120-2.shuffled-as.sat05-2625,17,17,UNSATISFIABLE
mod2-rand3bip-unsat-120-3.shuffled-as.sat05-2626,20,19,UNSATISFIABLE
mod2-rand3bip-unsat-135-1.shuffled-as.sat05-2639,22,22,UNSATISFIABLE
mod2-rand3bip-unsat-135-2.shuffled-as.sat05-2640,22,22,UNSATISFIABLE
mod2-rand3bip-unsat-135-3.shuffled-as.sat05-2641,21,21,UNSATISFIABLE
mod2-rand3bip-unsat-150-1.shuffled-as.sat05-2654,19,19,UNSATISFIABLE
mod2-rand3bip-unsat-150-2.shuffled-as.sat05-2655,18,20,UNSATISFIABLE
mod2-rand3bip-unsat-150-3.shuffled-as.sat05-2656,23,24,UNSATISFIABLE
mod2-rand3bip-unsat-90-1.shuffled-as.sat05-2594,14,14,UNSATISFIABLE
mod2-rand3bip-unsat-90-2.shuffled-as.sat05-2595,14,15,UNSATISFIABLE
mod2-rand3bip-unsat-90-3.shuffled-as.sat05-2596,15,15,UNSATISFIABLE
mod2c-3cage-unsat-10-1.shuffled-as.sat05-2566,24,24,UNSATISFIABLE
mod2c-3cage-unsat-10-2.sat05-2567.reshuffled-07,24,24,UNSATISFIABLE
mod2c-3cage-unsat-10-2.shuffled-as.sat05-2567,24,24,UNSATISFIABLE
mod2c-3cage-unsat-10-3.sat05-2568.reshuffled-07,23,24,UNSATISFIABLE
mod2c-3cage-unsat-10-3.shuffled-as.sat05-2568,24,23,UNSATISFIABLE
mod2c-3cage-unsat-9-1.shuffled-as.sat05-2548,21,21,UNSATISFIABLE
mod2c-3cage-unsat-9-2.shuffled-as.sat05-2549,20,20,UNSATISFIABLE
mod2c-3cage-unsat-9-3.shuffled-as.sat05-2550,20,19,UNSATISFIABLE
mod2c-rand3bip-unsat-105-1.shuffled-as.sat05-2323,17,18,UNSATISFIABLE
mod2c-rand3bip-unsat-105-2.shuffled-as.sat05-2324,17,17,UNSATISFIABLE
mod2c-rand3bip-unsat-105-3.shuffled-as.sat05-2325,18,18,UNSATISFIABLE
mod2c-rand3bip-unsat-120-1.shuffled-as.sat05-2338,18,18,UNSATISFIABLE
mod2c-rand3bip-unsat-120-2.shuffled-as.sat05-2339,20,20,UNSATISFIABLE
mod2c-rand3bip-unsat-120-3.sat05-2340.reshuffled-07,19,19,UNSATISFIABLE
mod2c-rand3bip-unsat-120-3.shuffled-as.sat05-2340,19,19,UNSATISFIABLE
mod2c-rand3bip-unsat-135-1.shuffled-as.sat05-2353,19,18,UNSATISFIABLE
mod2c-rand3bip-unsat-135-2.sat05-2354.reshuffled-07,20,20,UNSATISFIABLE
mod2c-rand3bip-unsat-135-2.shuffled-as.sat05-2354,21,21,UNSATISFIABLE
mod2c-rand3bip-unsat-135-3.shuffled-as.sat05-2355,21,21,UNSATISFIABLE
mod2c-rand3bip-unsat-150-1.shuffled-as.sat05-2368,21,24,UNSATISFIABLE
mod2c-rand3bip-unsat-150-2.shuffled-as.sat05-2369,25,26,UNSATISFIABLE
mod2c-rand3bip-unsat-150-3.shuffled-as.sat05-2370,23,23,UNSATISFIABLE
mod2c-rand3bip-unsat-90-1.shuffled-as.sat05-2308,15,15,UNSATISFIABLE
mod2c-rand3bip-unsat-90-2.shuffled-as.sat05-2309,14,13,UNSATISFIABLE
mod2c-rand3bip-unsat-90-3.shuffled-as.sat05-2310,17,18,UNSATISFIABLE
php-010-008.shuffled-as.sat05-1171,52,11,UNSATISFIABLE
php-010-009.shuffled-as.sat05-1185,58,11,UNSATISFIABLE
php-012-010.shuffled-as.sat05-1172,76,13,UNSATISFIABLE
php-012-011.shuffled-as.sat05-1186,82,13,UNSATISFIABLE
php-014-012.shuffled-as.sat05-1173,108,15,UNSATISFIABLE
php-014-013.shuffled-as.sat05-1187,118,15,UNSATISFIABLE
php-016-013.shuffled-as.sat05-1174,132,17,UNSATISFIABLE
php-016-015.shuffled-as.sat05-1188,152,17,UNSATISFIABLE
php-018-014.shuffled-as.sat05-1175,164,19,UNSATISFIABLE
php-018-017.shuffled-as.sat05-1189,196,19,UNSATISFIABLE
php-020-015.shuffled-as.sat05-1176,196,21,UNSATISFIABLE
php-020-019.shuffled-as.sat05-1190,244,21,UNSATISFIABLE
php-025-020.shuffled-as.sat05-1177,320,26,UNSATISFIABLE
php-025-024.shuffled-as.sat05-1191,372,26,UNSATISFIABLE
php-030-025.shuffled-as.sat05-1178,478,31,UNSATISFIABLE
php-030-029.shuffled-as.sat05-1192,560,31,UNSATISFIABLE
php-035-029.shuffled-as.sat05-1179,655,36,UNSATISFIABLE
Q32inK09,36,36,UNSATISFIABLE
s101-100,30,31,UNSATISFIABLE
s105-100,31,31,UNSATISFIABLE
s109-100,33,32,UNSATISFIABLE
s113-100,33,33,UNSATISFIABLE
s117-100,35,35,UNSATISFIABLE
s57-100,21,21,UNSATISFIABLE
s61-100,20,22,UNSATISFIABLE
s65-100,23,23,UNSATISFIABLE
s69-100,23,24,UNSATISFIABLE
s73-100,25,26,UNSATISFIABLE
s77-100,27,25,UNSATISFIABLE
s81-100,26,26,UNSATISFIABLE
s85-100,29,29,UNSATISFIABLE
s89-100,28,26,UNSATISFIABLE
s93-100,28,28,UNSATISFIABLE
s97-100,32,32,UNSATISFIABLE
sgen1-unsat-103-100,30,32,UNSATISFIABLE
sgen1-unsat-109-100,33,33,UNSATISFIABLE
sgen1-unsat-115-100,36,34,UNSATISFIABLE
sgen1-unsat-121-100,35,36,UNSATISFIABLE
sgen1-unsat-127-100,36,36,UNSATISFIABLE
sgen1-unsat-133-100,39,39,UNSATISFIABLE
sgen1-unsat-139-100,41,40,UNSATISFIABLE
sgen1-unsat-145-100,42,40,UNSATISFIABLE
sgen1-unsat-61-100,23,22,UNSATISFIABLE
sgen1-unsat-73-100,23,24,UNSATISFIABLE
sgen1-unsat-85-100,28,28,UNSATISFIABLE
sgen1-unsat-97-100,30,30,UNSATISFIABLE
sgen3-n120-s55656844-unsat,35,34,UNSATISFIABLE
sgen3-n130-s30940966-unsat,36,38,UNSATISFIABLE
sgen3-n140-s20078956-unsat,41,39,UNSATISFIABLE
urquhart3_25bis.shuffled,17,18,UNSATISFIABLE
5step,20,20,SATISFIABLE
or-100-10-7,40,40,SATISFIABLE
or-100-5-10,39,39,SATISFIABLE
or-100-5-3,38,38,SATISFIABLE
or-100-5-5,41,40,SATISFIABLE
or-50-10-1,22,22,SATISFIABLE
or-50-10-10,24,24,SATISFIABLE
or-50-10-2,20,20,SATISFIABLE
or-50-10-3,21,21,SATISFIABLE
or-50-10-4,22,22,SATISFIABLE
or-50-10-5,21,21,SATISFIABLE
or-50-10-6,24,24,SATISFIABLE
or-50-10-7,23,23,SATISFIABLE
or-50-10-8,24,24,SATISFIABLE
or-50-10-9,24,24,SATISFIABLE
or-50-20-1,23,23,SATISFIABLE
or-50-20-10,24,24,SATISFIABLE
or-50-20-2,21,21,SATISFIABLE
or-50-20-3,22,22,SATISFIABLE
or-50-20-4,20,20,SATISFIABLE
or-50-20-5,24,24,SATISFIABLE
or-50-20-6,21,21,SATISFIABLE
or-50-20-7,24,24,SATISFIABLE
or-50-20-8,22,22,SATISFIABLE
or-50-20-9,24,24,SATISFIABLE
or-50-5-1,21,21,SATISFIABLE
or-50-5-10,23,23,SATISFIABLE
or-50-5-2,26,26,SATISFIABLE
or-50-5-3,23,23,SATISFIABLE
or-50-5-4,22,22,SATISFIABLE
or-50-5-5,22,22,SATISFIABLE
or-50-5-6,23,23,SATISFIABLE
or-50-5-7,24,24,SATISFIABLE
or-50-5-8,24,24,SATISFIABLE
or-50-5-9,23,23,SATISFIABLE
or-60-10-1,28,28,SATISFIABLE
or-60-10-10,25,25,SATISFIABLE
or-60-10-2,25,25,SATISFIABLE
or-60-10-3,27,27,SATISFIABLE
or-60-10-4,28,28,SATISFIABLE
or-60-10-5,25,25,SATISFIABLE
or-60-10-6,26,26,SATISFIABLE
or-60-10-7,28,28,SATISFIABLE
or-60-10-8,28,28,SATISFIABLE
or-60-10-9,29,29,SATISFIABLE
or-60-20-1,24,24,SATISFIABLE
or-60-20-10,25,25,SATISFIABLE
or-60-20-2,27,27,SATISFIABLE
or-60-20-3,23,23,SATISFIABLE
or-60-20-4,25,25,SATISFIABLE
or-60-20-5,26,26,SATISFIABLE
or-60-20-6,27,27,SATISFIABLE
or-60-20-7,26,26,SATISFIABLE
or-60-20-8,26,26,SATISFIABLE
or-60-20-9,28,28,SATISFIABLE
or-60-5-1,26,26,SATISFIABLE
or-60-5-10,28,28,SATISFIABLE
or-60-5-2,26,26,SATISFIABLE
or-60-5-3,27,27,SATISFIABLE
or-60-5-4,25,25,SATISFIABLE
or-60-5-5,26,26,SATISFIABLE
or-60-5-6,28,28,SATISFIABLE
or-60-5-7,25,26,SATISFIABLE
or-60-5-8,26,26,SATISFIABLE
or-60-5-9,27,27,SATISFIABLE
or-70-10-1,28,28,SATISFIABLE
or-70-10-10,32,32,SATISFIABLE
or-70-10-2,28,28,SATISFIABLE
or-70-10-3,29,29,SATISFIABLE
or-70-10-4,30,30,SATISFIABLE
or-70-10-5,29,29,SATISFIABLE
or-70-10-6,30,30,SATISFIABLE
or-70-10-7,31,32,SATISFIABLE
or-70-10-8,29,29,SATISFIABLE
or-70-10-9,30,30,SATISFIABLE
or-70-20-1,31,31,SATISFIABLE
or-70-20-10,31,31,SATISFIABLE
or-70-20-2,28,28,SATISFIABLE
or-70-20-3,32,32,SATISFIABLE
or-70-20-4,32,32,SATISFIABLE
or-70-20-5,29,27,SATISFIABLE
or-70-20-6,29,29,SATISFIABLE
or-70-20-7,29,29,SATISFIABLE
or-70-20-8,30,30,SATISFIABLE
or-70-20-9,27,27,SATISFIABLE
or-70-5-10,29,29,SATISFIABLE
or-70-5-2,29,29,SATISFIABLE
or-70-5-3,32,32,SATISFIABLE
or-70-5-4,31,30,SATISFIABLE
or-70-5-5,30,30,SATISFIABLE
or-70-5-6,33,33,SATISFIABLE
or-70-5-7,28,28,SATISFIABLE
x1_40.shuffled,19,18,UNSATISFIABLE
x1_80.shuffled,34,39,UNSATISFIABLE
